card_name,page_number,match_number_on_page,page_text_character_count,explicit_identifier_candidates,nearby_integer_candidates,context_text,pdf_source
Eevee,2,1,1094,"[""Link""]","[13, 34, 35, 36, 37, 38, 39, 40, 41, 42, 43, 44, 45, 46, 47, 48, 49, 50, 51, 52, 57, 60, 63, 72, 77, 83, 93, 106, 110, 126, 135, 141]",Card ID Card Name Expansion Collection No. Link 34 Frogadier TWM 57 View Image 35 Walking Wake TWM 63 View Image 36 Morpeko TWM 72 View Image 37 Iron Thorns ex TWM 77 View Image 38 Girafarig TWM 83 View Image 39 Enamorus TWM 93 View Image 40 Greninja ex TWM 106 View Image 41 Ting-Lu TWM 110 View Image 42 Applin TWM 126 View Image 43 Eevee TWM 135 View Image 44 Bloodmoon Ursaluna ex TWM 141 View Image 45 Shaymin TEF 13 View Image 46 Gouging Fire ex TEF 38 View Image 47 Totodile TEF 39 View Image 48 Croconaw TEF 40 View Image 49 Feraligatr TEF 41 View Image 50 Wiglett TEF 47 View Image 51 Palafin TEF 49 View Image 52 Wugtrio ex TEF 60 View Image 53 Marill TEF 64 View Image 54 Bronzor TEF 68 View Image 55 Bronzong TEF 69 View Image 56 Flutter Mane TEF 78 View Image 57 Relicanth TEF 84 View Image 58 Great Tusk TEF 97 View Image 59 G,D:\02_AI_and_Data\Kaggle-AI-Agents\PTCG_AI_Battle_Challenge\data\raw\Card_ID List_EN.pdf
Eevee,5,1,1085,"[""Link""]","[5, 6, 8, 12, 14, 26, 27, 28, 31, 32, 36, 37, 38, 39, 40, 43, 47, 50, 136, 137, 138, 139, 140, 141, 142, 143, 144, 145, 146, 147, 148, 149, 150, 151, 152, 153, 154]",Card ID Card Name Expansion Collection No. Link 133 Dusknoir SFA 20 View Image 134 Sylveon SFA 22 View Image 135 Bloodmoon Ursaluna SFA 25 View Image 136 Zorua SFA 31 View Image 137 Zoroark SFA 32 View Image 138 Okidogi ex SFA 36 View Image 139 Munkidori ex SFA 37 View Image 140 Fezandipiti ex SFA 38 View Image 141 Pecharunt ex SFA 39 View Image 142 Genesect SFA 40 View Image 143 Varoom SFA 43 View Image 144 Kyurem SFA 47 View Image 145 Eevee SFA 50 View Image 146 Lileep SCR 5 View Image 147 Cradily SCR 6 View Image 148 Mow Rotom SCR 8 View Image 149 Applin SCR 12 View Image 150 Hydrapple ex SCR 14 View Image 151 Scorbunny SCR 26 View Image 152 Raboot SCR 27 View Image 153 Cinderace ex SCR 28 View Image 154 Lapras ex SCR 32 View Image 155 Carracosta SCR 38 View Image 156 Crabominable SCR 42 View Image 157 Chewtle SCR 43 View Image 158 Drednaw SCR 44 View Image 159 Veluza SCR 45 View Image 160 Joltik SCR 50 View Image 161 Galvantula ,D:\02_AI_and_Data\Kaggle-AI-Agents\PTCG_AI_Battle_Challenge\data\raw\Card_ID List_EN.pdf
Eevee,8,1,1089,[],"[1, 2, 3, 8, 21, 23, 26, 27, 30, 34, 49, 60, 75, 77, 82, 86, 89, 240, 241, 242, 243, 244, 245, 246, 247, 248, 249, 250, 251, 252, 253, 254, 255, 256, 257, 258]",lant SSP 151 View Image 234 Terapagos SSP 161 View Image 235 Budew PRE 4 View Image 236 Leafeon ex PRE 6 View Image 237 Cottonee PRE 7 View Image 238 Whimsicott PRE 8 View Image 239 Flareon ex PRE 14 View Image 240 Seaking PRE 21 View Image 241 Vaporeon ex PRE 23 View Image 242 Feebas TWM 49 View Image 243 Glaceon ex PRE 26 View Image 244 Jolteon ex PRE 30 View Image 245 Alakazam TWM 82 View Image 246 Espeon ex PRE 34 View Image 247 Swirlix TWM 89 View Image 248 Umbreon ex PRE 60 View Image 249 Eevee ex PRE 75 View Image 250 Hoothoot PRE 77 View Image 251 Regigigas PRE 86 View Image 252 Caterpie JTG 1 View Image 253 Metapod JTG 2 View Image 254 Butterfree JTG 3 View Image 255 Maractus JTG 8 View Image 256 Magmortar JTG 21 View Image 257 N’s Darumaka JTG 26 View Image 258 N’s Darmanitan JTG 27 View Image 259 Volcanion ex JTG 31 View Image 260 Lotad JTG 35 View Image 261 Lombre JTG 36 View Image 262 Ludicolo JTG 37 View Image 263 Wailmer JTG 40 View Image 264 Wailord JTG 41 View Image,D:\02_AI_and_Data\Kaggle-AI-Agents\PTCG_AI_Battle_Challenge\data\raw\Card_ID List_EN.pdf
Eevee,10,1,1160,[],"[6, 7, 19, 22, 23, 24, 32, 33, 36, 74, 86, 98, 122, 134, 135, 136, 138, 143, 309, 310, 311, 312, 313, 314, 315, 316, 317, 318, 319, 320, 321, 322, 323, 324, 325, 326]", N’s Reshiram JTG 116 View Image 304 Hop’s Snorlax JTG 117 View Image 305 Dunsparce JTG 120 View Image 306 Dudunsparce ex JTG 121 View Image 307 Hop’s Rookidee JTG 133 View Image 308 Hop’s Corvisquire JTG 134 View Image 309 Hop’s Wooloo JTG 135 View Image 310 Hop’s Dubwool JTG 136 View Image 311 Hop’s Cramorant JTG 138 View Image 312 Sandy Shocks TEF 98 View Image 313 Miraidon ex TEF 122 View Image 314 Marill SCR 33 View Image 315 Azumarill SSP 74 View Image 316 Sylveon ex SSP 86 View Image 317 Eevee SSP 143 View Image 318 Ho-Oh SSP 19 View Image 319 Charcadet SSP 32 View Image 320 Ceruledge ex SSP 36 View Image 321 Petilil JTG 6 View Image 322 Lilligant JTG 7 View Image 323 Nymble JTG 19 View Image 324 Torchic JTG 22 View Image 325 Combusken JTG 23 View Image 326 Blaziken ex JTG 24 View Image 327 Slowpoke PRE 18 View Image 328 Pikachu ex PRE 28 View Image 329 Tapu Koko ex JTG 51 View Image 330 Sylveon PRE 40 View Image,D:\02_AI_and_Data\Kaggle-AI-Agents\PTCG_AI_Battle_Challenge\data\raw\Card_ID List_EN.pdf
Meowth,15,1,1209,"[""Link""]","[127, 128, 140, 141, 146, 147, 148, 149, 150, 151, 153, 154, 155, 156, 157, 463, 464, 465, 466, 467, 468, 469, 470, 471, 472, 473, 474, 475, 476, 477]",Card ID Card Name Expansion Collection No. Link 463 Team Rocket's Murkrow DRI 127 View Image 464 Team Rocket's Sneasel DRI 128 View Image 465 Forretress DRI 140 View Image 466 Skarmory DRI 141 View Image 467 Zamazenta DRI 146 View Image 468 Team Rocket's Rattata DRI 147 View Image 469 Team Rocket's Raticate DRI 148 View Image 470 Team Rocket's Meowth DRI 149 View Image 471 Team Rocket's Persian ex DRI 150 View Image 472 Kangaskhan DRI 151 View Image 473 Team Rocket's Porygon DRI 153 View Image 474 Team Rocket's Porygon2 DRI 154 View Image 475 Team Rocket's Porygon-Z DRI 155 View Image 476 Taillow DRI 156 View Image 477 Swellow DRI 157 View Image 478 Squawkabilly DRI 160 View Image 479 Snivy BLK 1 View Image 480 Servine BLK 2 View Image 481 Serperior ex BLK 3 View Image 482 Pansage BLK 4 View Image 483 Simisage BLK 5 View Image 484 Petilil B,D:\02_AI_and_Data\Kaggle-AI-Agents\PTCG_AI_Battle_Challenge\data\raw\Card_ID List_EN.pdf
Bulbasaur,20,1,1215,[],"[1, 2, 3, 4, 5, 12, 13, 14, 15, 19, 131, 132, 133, 134, 135, 136, 137, 643, 644, 645, 646, 647, 648, 649, 650, 651, 652, 653, 654, 655, 656, 657, 658, 659, 660]",age 638 Steven's Skarmory DRI 142 View Image 639 Steven's Beldum DRI 143 View Image 640 Steven's Metang DRI 144 View Image 641 Steven's Metagross ex DRI 145 View Image 642 Marnie's Purrloin DRI 130 View Image 643 Marnie's Liepard DRI 131 View Image 644 Marnie's Scraggy DRI 132 View Image 645 Marnie's Scrafty DRI 133 View Image 646 Marnie's Impidimp DRI 134 View Image 647 Marnie's Morgrem DRI 135 View Image 648 Marnie's Grimmsnarl ex DRI 136 View Image 649 Marnie's Morpeko DRI 137 View Image 650 Bulbasaur MEG 1 View Image 651 Ivysaur MEG 2 View Image 652 Mega Venusaur ex MEG 3 View Image 653 Exeggcute MEG 4 View Image 654 Exeggutor MEG 5 View Image 655 Celebi MEG 12 View Image 656 Seedot MEG 13 View Image 657 Nuzleaf MEG 14 View Image 658 Shiftry MEG 15 View Image 659 Vulpix MEG 19 View Image 660 Ninetales MEG 20 View Image,D:\02_AI_and_Data\Kaggle-AI-Agents\PTCG_AI_Battle_Challenge\data\raw\Card_ID List_EN.pdf
Charmander,24,1,1075,[],"[1, 2, 3, 4, 5, 6, 7, 8, 9, 10, 11, 12, 13, 14, 15, 778, 779, 780, 781, 782, 783, 784, 785, 786, 787, 788, 789, 790, 791, 792]",View Image 772 Mega Gengar ex PFL 56 View Image 773 Murkrow PFL 57 View Image 774 Honchkrow PFL 58 View Image 775 Sableye PFL 59 View Image 776 Absol PFL 63 View Image 777 Eternatus PFL 69 View Image 778 Oddish PFL 1 View Image 779 Gloom PFL 2 View Image 780 Vileplume PFL 3 View Image 781 Mega Heracross ex PFL 4 View Image 782 Lotad PFL 5 View Image 783 Lombre PFL 6 View Image 784 Ludicolo PFL 7 View Image 785 Genesect PFL 8 View Image 786 Nymble PFL 9 View Image 787 Lokix PFL 10 View Image 788 Charmander PFL 11 View Image 789 Charmeleon PFL 12 View Image 790 Mega Charizard X ex PFL 13 View Image 791 Moltres PFL 14 View Image 792 Darumaka PFL 15 View Image,D:\02_AI_and_Data\Kaggle-AI-Agents\PTCG_AI_Battle_Challenge\data\raw\Card_ID List_EN.pdf
Charmander,29,1,1081,"[""Link""]","[12, 20, 21, 22, 24, 28, 29, 30, 31, 925, 926, 927, 928, 929, 930, 931, 932, 933, 934, 935]",Card ID Card Name Expansion Collection No. Link 925 Capsakid 12 View Image 926 Charmander ASC 20 View Image 927 Charmeleon ASC 21 View Image 928 Mega Charizard Y ex ASC 22 View Image 929 Magmar 20 View Image 930 Tepig ASC 29 View Image 931 Pignite ASC 30 View Image 932 Mega Emboar ex ASC 31 View Image 933 Larvesta SSP 24 View Image 934 Centiskorch SSP 28 View Image 935 Fuecoco SSP 29 View Image 936 Crocalor SSP 30 View Image 937 Totodile ASC 41 View Image 938 Croconaw ASC 42 View Image 939 Mega Feraligatr ex ASC 43 View Image 940 Glalie TWM 52 View Image 941 Spheal SSP 43 View Image,D:\02_AI_and_Data\Kaggle-AI-Agents\PTCG_AI_Battle_Challenge\data\raw\Card_ID List_EN.pdf
Meowth,33,1,1174,"[""Link""]","[53, 54, 55, 56, 57, 58, 59, 60, 61, 62, 63, 64, 65, 66, 67, 74, 127, 191, 1063, 1064, 1065, 1066, 1067, 1068, 1069, 1070, 1071, 1072, 1073, 1074, 1075, 1076, 1077, 1078, 1079, 1080]",rd ID Card Name Expansion Collection No. Link 1057 Gastly POR 48 View Image 1058 Haunter POR 49 View Image 1059 Gengar POR 50 View Image 1060 Skorupi POR 51 View Image 1061 Drapion POR 52 View Image 1062 Yveltal ex POR 53 View Image 1063 Chien-Pao POR 54 View Image 1064 Mega Skarmory ex POR 55 View Image 1065 Honedge POR 56 View Image 1066 Doublade POR 57 View Image 1067 Aegislash POR 58 View Image 1068 Klefki POR 59 View Image 1069 Rattata POR 60 View Image 1070 Raticate POR 61 View Image 1071 Meowth ex POR 62 View Image 1072 Snorlax POR 63 View Image 1073 Bunnelby POR 64 View Image 1074 Diggersby POR 65 View Image 1075 Fletchling POR 66 View Image 1076 Furfrou POR 67 View Image 1077 Roto-Stick PRE 127 View Image 1078 Hole-Digging Shovel POR 74 View Image 1079 Rare Candy SVI 191 View Image 1080 Unfair Stamp TWM 165 View Image 1081 Enhanced Hammer TWM 148 View Image 1082 Hyper Aroma TWM 152 View Image 1083 Love Ball 156 View Image 1084 Boxed Order TEF 143 View Image 1085 Awakening Drum TEF 1,D:\02_AI_and_Data\Kaggle-AI-Agents\PTCG_AI_Battle_Challenge\data\raw\Card_ID List_EN.pdf
