comparison_case_id,scenario_family,pair_number,case_variant,evaluation_side,strategy_comparisons,mean_maximum_probability_difference,maximum_probability_difference,mean_l1_probability_difference,maximum_l1_probability_difference,unique_case_rank
4WE_PAIR_014_V03__PLAYER,4WE,14,V03,PLAYER,6,0.08800000000000001,0.168,0.17933333333333334,0.34,1
4WE_PAIR_019_V03__PLAYER,4WE,19,V03,PLAYER,6,0.08800000000000001,0.168,0.17933333333333334,0.34,2
4WE_PAIR_002_V03__OPPONENT,4WE,2,V03,OPPONENT,6,0.08733333333333333,0.166,0.17800000000000002,0.336,3
4WE_PAIR_009_V03__OPPONENT,4WE,9,V03,OPPONENT,6,0.08733333333333333,0.166,0.17800000000000002,0.336,4
4WE_PAIR_013_V03__PLAYER,4WE,13,V03,PLAYER,6,0.08733333333333333,0.166,0.17800000000000002,0.336,5
4WE_PAIR_018_V03__PLAYER,4WE,18,V03,PLAYER,6,0.08733333333333333,0.166,0.17800000000000002,0.336,6
4WE_PAIR_014_V03__OPPONENT,4WE,14,V03,OPPONENT,6,0.08700000000000001,0.166,0.17733333333333334,0.336,7
4WE_PAIR_019_V03__OPPONENT,4WE,19,V03,OPPONENT,6,0.08700000000000001,0.166,0.17733333333333334,0.336,8
4WE_PAIR_002_V03__PLAYER,4WE,2,V03,PLAYER,6,0.08733333333333333,0.164,0.17866666666666667,0.336,9
4WE_PAIR_009_V03__PLAYER,4WE,9,V03,PLAYER,6,0.08733333333333333,0.164,0.17866666666666667,0.336,10
4WE_PAIR_001_V03__OPPONENT,4WE,1,V03,OPPONENT,6,0.08666666666666667,0.164,0.17666666666666667,0.332,11
4WE_PAIR_008_V03__OPPONENT,4WE,8,V03,OPPONENT,6,0.08666666666666667,0.164,0.17666666666666667,0.332,12
4WE_PAIR_013_V03__OPPONENT,4WE,13,V03,OPPONENT,6,0.08633333333333333,0.164,0.17600000000000002,0.332,13
4WE_PAIR_018_V03__OPPONENT,4WE,18,V03,OPPONENT,6,0.08633333333333333,0.164,0.17600000000000002,0.332,14
4WE_PAIR_003_V03__OPPONENT,4WE,3,V03,OPPONENT,6,0.08566666666666668,0.164,0.17466666666666666,0.332,15
4WE_PAIR_010_V03__OPPONENT,4WE,10,V03,OPPONENT,6,0.08566666666666668,0.164,0.17466666666666666,0.332,16
4WE_PAIR_001_V03__PLAYER,4WE,1,V03,PLAYER,6,0.08666666666666667,0.162,0.17733333333333334,0.332,17
4WE_PAIR_008_V03__PLAYER,4WE,8,V03,PLAYER,6,0.08666666666666667,0.162,0.17733333333333334,0.332,18
4WE_PAIR_002_V02__OPPONENT,4WE,2,V02,OPPONENT,6,0.08533333333333333,0.162,0.17333333333333334,0.328,19
4WE_PAIR_003_V02__OPPONENT,4WE,3,V02,OPPONENT,6,0.08533333333333333,0.162,0.17333333333333334,0.328,20
4WE_PAIR_009_V02__OPPONENT,4WE,9,V02,OPPONENT,6,0.08533333333333333,0.162,0.17333333333333334,0.328,21
4WE_PAIR_010_V02__OPPONENT,4WE,10,V02,OPPONENT,6,0.08533333333333333,0.162,0.17333333333333334,0.328,22
4WE_PAIR_014_V02__OPPONENT,4WE,14,V02,OPPONENT,6,0.085,0.162,0.17266666666666666,0.328,23
4WE_PAIR_014_V02__PLAYER,4WE,14,V02,PLAYER,6,0.085,0.162,0.17333333333333334,0.328,24
4WE_PAIR_019_V02__OPPONENT,4WE,19,V02,OPPONENT,6,0.085,0.162,0.17266666666666666,0.328,25
4WE_PAIR_019_V02__PLAYER,4WE,19,V02,PLAYER,6,0.085,0.162,0.17333333333333334,0.328,26
4WE_PAIR_004_V03__OPPONENT,4WE,4,V03,OPPONENT,6,0.08433333333333336,0.162,0.17200000000000001,0.328,27
4WE_PAIR_001_V02__OPPONENT,4WE,1,V02,OPPONENT,6,0.08466666666666667,0.16,0.17200000000000001,0.324,28
4WE_PAIR_008_V02__OPPONENT,4WE,8,V02,OPPONENT,6,0.08466666666666667,0.16,0.17200000000000001,0.324,29
4WE_PAIR_013_V02__OPPONENT,4WE,13,V02,OPPONENT,6,0.08433333333333333,0.16,0.17133333333333334,0.324,30
4WE_PAIR_013_V02__PLAYER,4WE,13,V02,PLAYER,6,0.08433333333333333,0.16,0.17200000000000001,0.324,31
4WE_PAIR_018_V02__OPPONENT,4WE,18,V02,OPPONENT,6,0.08433333333333333,0.16,0.17133333333333334,0.324,32
4WE_PAIR_018_V02__PLAYER,4WE,18,V02,PLAYER,6,0.08433333333333333,0.16,0.17200000000000001,0.324,33
4WE_PAIR_004_V02__OPPONENT,4WE,4,V02,OPPONENT,6,0.08400000000000002,0.16,0.17066666666666666,0.324,34
4WE_PAIR_002_V02__PLAYER,4WE,2,V02,PLAYER,6,0.08433333333333333,0.158,0.17266666666666666,0.324,35
4WE_PAIR_003_V02__PLAYER,4WE,3,V02,PLAYER,6,0.08433333333333333,0.158,0.17266666666666666,0.324,36
4WE_PAIR_009_V02__PLAYER,4WE,9,V02,PLAYER,6,0.08433333333333333,0.158,0.17266666666666666,0.324,37
4WE_PAIR_010_V02__PLAYER,4WE,10,V02,PLAYER,6,0.08433333333333333,0.158,0.17266666666666666,0.324,38
4WE_PAIR_003_V03__PLAYER,4WE,3,V03,PLAYER,6,0.08366666666666667,0.158,0.17133333333333334,0.324,39
4WE_PAIR_010_V03__PLAYER,4WE,10,V03,PLAYER,6,0.08366666666666667,0.158,0.17133333333333334,0.324,40
4WE_PAIR_001_V02__PLAYER,4WE,1,V02,PLAYER,6,0.08366666666666667,0.156,0.17133333333333334,0.32,41
4WE_PAIR_008_V02__PLAYER,4WE,8,V02,PLAYER,6,0.08366666666666667,0.156,0.17133333333333334,0.32,42
4WE_PAIR_004_V02__PLAYER,4WE,4,V02,PLAYER,6,0.083,0.156,0.17,0.32,43
4WE_PAIR_004_V03__PLAYER,4WE,4,V03,PLAYER,6,0.08233333333333333,0.156,0.16866666666666666,0.32,44
4WE_PAIR_007_V03__PLAYER,4WE,7,V03,PLAYER,6,0.08433333333333337,0.15000000000000002,0.17333333333333337,0.31200000000000006,45
4WE_PAIR_017_V03__PLAYER,4WE,17,V03,PLAYER,6,0.08433333333333337,0.15000000000000002,0.17400000000000004,0.31200000000000006,46
4WE_PAIR_007_V03__OPPONENT,4WE,7,V03,OPPONENT,6,0.08366666666666671,0.14800000000000002,0.17266666666666672,0.30800000000000005,47
4WE_PAIR_017_V03__OPPONENT,4WE,17,V03,OPPONENT,6,0.08333333333333337,0.14800000000000002,0.17200000000000004,0.30800000000000005,48
4WE_PAIR_007_V02__OPPONENT,4WE,7,V02,OPPONENT,6,0.08233333333333334,0.14600000000000002,0.17,0.30800000000000005,49
4WE_PAIR_007_V02__PLAYER,4WE,7,V02,PLAYER,6,0.08200000000000003,0.14600000000000002,0.16866666666666671,0.30400000000000005,50
4WE_PAIR_017_V02__OPPONENT,4WE,17,V02,OPPONENT,6,0.08200000000000003,0.14600000000000002,0.16933333333333336,0.30800000000000005,51
4WE_PAIR_017_V02__PLAYER,4WE,17,V02,PLAYER,6,0.08200000000000003,0.14600000000000002,0.16933333333333336,0.30400000000000005,52
4WE_PAIR_015_V03__OPPONENT,4WE,15,V03,OPPONENT,6,0.07100000000000001,0.126,0.142,0.252,53
4WE_PAIR_021_V03__OPPONENT,4WE,21,V03,OPPONENT,6,0.07100000000000001,0.126,0.142,0.252,54
4WE_PAIR_016_V03__OPPONENT,4WE,16,V03,OPPONENT,6,0.07066666666666667,0.126,0.14133333333333334,0.252,55
4WE_PAIR_016_V03__PLAYER,4WE,16,V03,PLAYER,6,0.06900000000000002,0.12400000000000001,0.138,0.248,56
4WE_PAIR_020_V03__PLAYER,4WE,20,V03,PLAYER,6,0.06966666666666667,0.124,0.13933333333333334,0.248,57
4WE_PAIR_015_V03__PLAYER,4WE,15,V03,PLAYER,6,0.06833333333333334,0.12200000000000001,0.1366666666666667,0.244,58
4WE_PAIR_021_V03__PLAYER,4WE,21,V03,PLAYER,6,0.06833333333333334,0.12200000000000001,0.1366666666666667,0.244,59
4WE_PAIR_005_V03__OPPONENT,4WE,5,V03,OPPONENT,6,0.06800000000000002,0.12000000000000001,0.136,0.24,60
4WE_PAIR_006_V03__OPPONENT,4WE,6,V03,OPPONENT,6,0.06800000000000002,0.12000000000000001,0.136,0.24,61
4WE_PAIR_012_V03__OPPONENT,4WE,12,V03,OPPONENT,6,0.06800000000000002,0.12000000000000001,0.136,0.24,62
4WE_PAIR_015_V02__OPPONENT,4WE,15,V02,OPPONENT,6,0.06700000000000002,0.11800000000000001,0.134,0.236,63
4WE_PAIR_021_V02__OPPONENT,4WE,21,V02,OPPONENT,6,0.06700000000000002,0.11800000000000001,0.134,0.236,64
4WE_PAIR_016_V02__OPPONENT,4WE,16,V02,OPPONENT,6,0.06666666666666668,0.11800000000000001,0.13333333333333333,0.236,65
4WE_PAIR_020_V03__OPPONENT,4WE,20,V03,OPPONENT,6,0.06799999999999999,0.118,0.13599999999999998,0.236,66
4WE_PAIR_006_V03__PLAYER,4WE,6,V03,PLAYER,6,0.06500000000000002,0.116,0.13,0.23199999999999998,67
4WE_PAIR_011_V03__PLAYER,4WE,11,V03,PLAYER,6,0.06533333333333333,0.11599999999999999,0.13066666666666665,0.23199999999999998,68
4WE_PAIR_007_V04__PLAYER,4WE,7,V04,PLAYER,6,0.05966666666666668,0.11599999999999999,0.128,0.248,69
4WE_PAIR_005_V03__PLAYER,4WE,5,V03,PLAYER,6,0.06400000000000002,0.114,0.128,0.22799999999999998,70
4WE_PAIR_012_V03__PLAYER,4WE,12,V03,PLAYER,6,0.06400000000000002,0.114,0.128,0.22799999999999998,71
4WE_PAIR_022_V03__OPPONENT,4WE,22,V03,OPPONENT,6,0.06433333333333333,0.11399999999999999,0.12866666666666668,0.22799999999999998,72
4WE_PAIR_022_V03__PLAYER,4WE,22,V03,PLAYER,6,0.06433333333333333,0.11399999999999999,0.12866666666666668,0.22799999999999998,73
4WE_PAIR_017_V04__PLAYER,4WE,17,V04,PLAYER,6,0.05833333333333335,0.11399999999999999,0.12533333333333332,0.244,74
4WE_PAIR_005_V02__OPPONENT,4WE,5,V02,OPPONENT,6,0.06400000000000002,0.112,0.128,0.22399999999999998,75
4WE_PAIR_006_V02__OPPONENT,4WE,6,V02,OPPONENT,6,0.06400000000000002,0.112,0.12800000000000003,0.2240000000000001,76
4WE_PAIR_012_V02__OPPONENT,4WE,12,V02,OPPONENT,6,0.06400000000000002,0.112,0.128,0.22399999999999998,77
4WE_PAIR_011_V03__OPPONENT,4WE,11,V03,OPPONENT,6,0.06499999999999999,0.11199999999999999,0.12999999999999998,0.22399999999999998,78
4WE_PAIR_020_V02__OPPONENT,4WE,20,V02,OPPONENT,6,0.06499999999999999,0.11199999999999999,0.12999999999999998,0.22399999999999998,79
4WE_PAIR_020_V02__PLAYER,4WE,20,V02,PLAYER,6,0.06399999999999999,0.11199999999999999,0.12799999999999997,0.22399999999999998,80
4WE_PAIR_007_V01__PLAYER,4WE,7,V01,PLAYER,6,0.05733333333333334,0.11199999999999999,0.12333333333333334,0.24,81
4WE_PAIR_016_V02__PLAYER,4WE,16,V02,PLAYER,6,0.06200000000000002,0.11,0.12400000000000005,0.22000000000000008,82
4WE_PAIR_011_V02__PLAYER,4WE,11,V02,PLAYER,6,0.062,0.10999999999999999,0.124,0.21999999999999997,83
4WE_PAIR_002_V04__PLAYER,4WE,2,V04,PLAYER,6,0.05966666666666668,0.10999999999999999,0.126,0.236,84
4WE_PAIR_009_V04__PLAYER,4WE,9,V04,PLAYER,6,0.05966666666666668,0.10999999999999999,0.126,0.236,85
4WE_PAIR_007_V01__OPPONENT,4WE,7,V01,OPPONENT,6,0.05633333333333334,0.10999999999999999,0.12133333333333333,0.23600000000000002,86
4WE_PAIR_007_V04__OPPONENT,4WE,7,V04,OPPONENT,6,0.05633333333333334,0.10999999999999999,0.12066666666666666,0.232,87
4WE_PAIR_017_V01__OPPONENT,4WE,17,V01,OPPONENT,6,0.05633333333333334,0.10999999999999999,0.12133333333333333,0.23600000000000002,88
4WE_PAIR_017_V01__PLAYER,4WE,17,V01,PLAYER,6,0.05633333333333334,0.10999999999999999,0.12133333333333333,0.23600000000000002,89
4WE_PAIR_017_V04__OPPONENT,4WE,17,V04,OPPONENT,6,0.05633333333333334,0.10999999999999999,0.12066666666666666,0.232,90
4WE_PAIR_015_V02__PLAYER,4WE,15,V02,PLAYER,6,0.06133333333333335,0.108,0.12266666666666672,0.21600000000000008,91
4WE_PAIR_021_V02__PLAYER,4WE,21,V02,PLAYER,6,0.06133333333333335,0.108,0.12266666666666672,0.21600000000000008,92
4WE_PAIR_006_V02__PLAYER,4WE,6,V02,PLAYER,6,0.06033333333333335,0.108,0.12066666666666671,0.21600000000000008,93
4WE_PAIR_023_V03__OPPONENT,4WE,23,V03,OPPONENT,6,0.06266666666666668,0.10799999999999998,0.12533333333333332,0.21599999999999997,94
4WE_PAIR_023_V03__PLAYER,4WE,23,V03,PLAYER,6,0.062333333333333345,0.10799999999999998,0.12466666666666666,0.21599999999999997,95
4WE_PAIR_001_V04__PLAYER,4WE,1,V04,PLAYER,6,0.05833333333333335,0.10799999999999998,0.12333333333333334,0.23199999999999998,96
4WE_PAIR_008_V04__PLAYER,4WE,8,V04,PLAYER,6,0.05833333333333335,0.10799999999999998,0.12333333333333334,0.23199999999999998,97
4WE_PAIR_014_V04__PLAYER,4WE,14,V04,PLAYER,6,0.05833333333333335,0.10799999999999998,0.12333333333333334,0.23199999999999998,98
4WE_PAIR_019_V04__PLAYER,4WE,19,V04,PLAYER,6,0.05833333333333335,0.10799999999999998,0.12333333333333334,0.23199999999999998,99
4WE_PAIR_005_V02__PLAYER,4WE,5,V02,PLAYER,6,0.05933333333333335,0.106,0.11866666666666671,0.21200000000000008,100
4WE_PAIR_012_V02__PLAYER,4WE,12,V02,PLAYER,6,0.05933333333333335,0.106,0.11866666666666671,0.21200000000000008,101
4WE_PAIR_011_V02__OPPONENT,4WE,11,V02,OPPONENT,6,0.06199999999999999,0.10599999999999998,0.124,0.21199999999999997,102
4WE_PAIR_022_V02__OPPONENT,4WE,22,V02,OPPONENT,6,0.061333333333333344,0.10599999999999998,0.12266666666666666,0.212,103
4WE_PAIR_013_V04__PLAYER,4WE,13,V04,PLAYER,6,0.057000000000000016,0.10599999999999998,0.12066666666666666,0.22799999999999998,104
4WE_PAIR_018_V04__PLAYER,4WE,18,V04,PLAYER,6,0.057000000000000016,0.10599999999999998,0.12066666666666666,0.22799999999999998,105
4WE_PAIR_004_V04__PLAYER,4WE,4,V04,PLAYER,6,0.05800000000000002,0.10399999999999998,0.12266666666666666,0.22399999999999998,106
4WE_PAIR_003_V04__PLAYER,4WE,3,V04,PLAYER,6,0.05733333333333335,0.10399999999999998,0.12133333333333333,0.22399999999999998,107
4WE_PAIR_010_V04__PLAYER,4WE,10,V04,PLAYER,6,0.05733333333333335,0.10399999999999998,0.12133333333333333,0.22399999999999998,108
4WE_PAIR_002_V01__PLAYER,4WE,2,V01,PLAYER,6,0.056000000000000015,0.10399999999999998,0.11866666666666666,0.22399999999999998,109
4WE_PAIR_009_V01__PLAYER,4WE,9,V01,PLAYER,6,0.056000000000000015,0.10399999999999998,0.11866666666666666,0.22399999999999998,110
4WE_PAIR_023_V02__OPPONENT,4WE,23,V02,OPPONENT,6,0.06066666666666671,0.10200000000000009,0.12133333333333339,0.2040000000000001,111
4WE_PAIR_022_V02__PLAYER,4WE,22,V02,PLAYER,6,0.05933333333333338,0.10200000000000009,0.11866666666666674,0.2040000000000001,112
4WE_PAIR_023_V02__PLAYER,4WE,23,V02,PLAYER,6,0.05933333333333338,0.10200000000000009,0.11866666666666674,0.2040000000000001,113
4WE_PAIR_004_V01__PLAYER,4WE,4,V01,PLAYER,6,0.056333333333333346,0.10199999999999998,0.11933333333333333,0.21999999999999997,114
4WE_PAIR_003_V01__PLAYER,4WE,3,V01,PLAYER,6,0.05566666666666668,0.10199999999999998,0.118,0.21999999999999997,115
4WE_PAIR_010_V01__PLAYER,4WE,10,V01,PLAYER,6,0.05566666666666668,0.10199999999999998,0.118,0.21999999999999997,116
4WE_PAIR_002_V01__OPPONENT,4WE,2,V01,OPPONENT,6,0.055333333333333345,0.10199999999999998,0.11733333333333333,0.21999999999999997,117
4WE_PAIR_002_V04__OPPONENT,4WE,2,V04,OPPONENT,6,0.055333333333333345,0.10199999999999998,0.118,0.21599999999999997,118
4WE_PAIR_009_V01__OPPONENT,4WE,9,V01,OPPONENT,6,0.055333333333333345,0.10199999999999998,0.11733333333333333,0.21999999999999997,119
4WE_PAIR_009_V04__OPPONENT,4WE,9,V04,OPPONENT,6,0.055333333333333345,0.10199999999999998,0.118,0.21599999999999997,120
4WE_PAIR_014_V01__OPPONENT,4WE,14,V01,OPPONENT,6,0.055333333333333345,0.10199999999999998,0.11733333333333333,0.21999999999999997,121
4WE_PAIR_014_V04__OPPONENT,4WE,14,V04,OPPONENT,6,0.055333333333333345,0.10199999999999998,0.118,0.21599999999999997,122
4WE_PAIR_019_V01__OPPONENT,4WE,19,V01,OPPONENT,6,0.055333333333333345,0.10199999999999998,0.11733333333333333,0.21999999999999997,123
4WE_PAIR_019_V04__OPPONENT,4WE,19,V04,OPPONENT,6,0.055333333333333345,0.10199999999999998,0.118,0.21599999999999997,124
4WE_PAIR_001_V01__PLAYER,4WE,1,V01,PLAYER,6,0.055000000000000014,0.10199999999999998,0.11666666666666665,0.21999999999999997,125
4WE_PAIR_008_V01__PLAYER,4WE,8,V01,PLAYER,6,0.055000000000000014,0.10199999999999998,0.11666666666666665,0.21999999999999997,126
4WE_PAIR_014_V01__PLAYER,4WE,14,V01,PLAYER,6,0.055000000000000014,0.10199999999999998,0.11666666666666665,0.21999999999999997,127
4WE_PAIR_019_V01__PLAYER,4WE,19,V01,PLAYER,6,0.055000000000000014,0.10199999999999998,0.11666666666666665,0.21999999999999997,128
4WE_PAIR_004_V01__OPPONENT,4WE,4,V01,OPPONENT,6,0.05566666666666668,0.09999999999999998,0.118,0.21599999999999997,129
4WE_PAIR_004_V04__OPPONENT,4WE,4,V04,OPPONENT,6,0.05566666666666668,0.09999999999999998,0.11866666666666666,0.21199999999999997,130
4WE_PAIR_003_V01__OPPONENT,4WE,3,V01,OPPONENT,6,0.055000000000000014,0.09999999999999998,0.11666666666666665,0.21599999999999997,131
4WE_PAIR_003_V04__OPPONENT,4WE,3,V04,OPPONENT,6,0.055000000000000014,0.09999999999999998,0.11733333333333333,0.21199999999999997,132
4WE_PAIR_010_V01__OPPONENT,4WE,10,V01,OPPONENT,6,0.055000000000000014,0.09999999999999998,0.11666666666666665,0.21599999999999997,133
4WE_PAIR_010_V04__OPPONENT,4WE,10,V04,OPPONENT,6,0.055000000000000014,0.09999999999999998,0.11733333333333333,0.21199999999999997,134
4WE_PAIR_001_V01__OPPONENT,4WE,1,V01,OPPONENT,6,0.05400000000000001,0.09999999999999998,0.11466666666666665,0.21599999999999997,135
4WE_PAIR_001_V04__OPPONENT,4WE,1,V04,OPPONENT,6,0.05400000000000001,0.09999999999999998,0.11533333333333333,0.21199999999999997,136
4WE_PAIR_008_V01__OPPONENT,4WE,8,V01,OPPONENT,6,0.05400000000000001,0.09999999999999998,0.11466666666666665,0.21599999999999997,137
4WE_PAIR_008_V04__OPPONENT,4WE,8,V04,OPPONENT,6,0.05400000000000001,0.09999999999999998,0.11533333333333333,0.21199999999999997,138
4WE_PAIR_013_V01__OPPONENT,4WE,13,V01,OPPONENT,6,0.05400000000000001,0.09999999999999998,0.11466666666666665,0.21599999999999997,139
4WE_PAIR_013_V01__PLAYER,4WE,13,V01,PLAYER,6,0.05400000000000001,0.09999999999999998,0.11466666666666665,0.21599999999999997,140
4WE_PAIR_013_V04__OPPONENT,4WE,13,V04,OPPONENT,6,0.05400000000000001,0.09999999999999998,0.11533333333333333,0.21199999999999997,141
4WE_PAIR_018_V01__OPPONENT,4WE,18,V01,OPPONENT,6,0.05400000000000001,0.09999999999999998,0.11466666666666665,0.21599999999999997,142
4WE_PAIR_018_V01__PLAYER,4WE,18,V01,PLAYER,6,0.05400000000000001,0.09999999999999998,0.11466666666666665,0.21599999999999997,143
4WE_PAIR_018_V04__OPPONENT,4WE,18,V04,OPPONENT,6,0.05400000000000001,0.09999999999999998,0.11533333333333333,0.21199999999999997,144
4WE_PAIR_020_V04__PLAYER,4WE,20,V04,PLAYER,6,0.02566666666666669,0.050000000000000044,0.05133333333333336,0.10000000000000005,145
4WE_PAIR_020_V01__PLAYER,4WE,20,V01,PLAYER,6,0.02400000000000002,0.04600000000000004,0.04800000000000002,0.09200000000000004,146
4WE_PAIR_011_V01__PLAYER,4WE,11,V01,PLAYER,6,0.023666666666666687,0.04600000000000004,0.04733333333333336,0.09200000000000004,147
4WE_PAIR_020_V01__OPPONENT,4WE,20,V01,OPPONENT,6,0.023666666666666687,0.04400000000000004,0.04733333333333336,0.08800000000000005,148
4WE_PAIR_022_V04__PLAYER,4WE,22,V04,PLAYER,6,0.02300000000000002,0.04400000000000004,0.04600000000000002,0.08800000000000004,149
4WE_PAIR_011_V04__PLAYER,4WE,11,V04,PLAYER,6,0.022666666666666686,0.04400000000000004,0.04533333333333336,0.08800000000000004,150
4WE_PAIR_020_V04__OPPONENT,4WE,20,V04,OPPONENT,6,0.022666666666666686,0.04200000000000004,0.04533333333333336,0.08400000000000005,151
4WE_PAIR_015_V04__PLAYER,4WE,15,V04,PLAYER,6,0.021333333333333353,0.040000000000000036,0.042666666666666686,0.08000000000000003,152
4WE_PAIR_021_V04__PLAYER,4WE,21,V04,PLAYER,6,0.021333333333333353,0.040000000000000036,0.042666666666666686,0.08000000000000003,153
4WE_PAIR_011_V01__OPPONENT,4WE,11,V01,OPPONENT,6,0.02100000000000002,0.040000000000000036,0.042000000000000016,0.08000000000000004,154
4WE_PAIR_016_V04__PLAYER,4WE,16,V04,PLAYER,6,0.020666666666666684,0.040000000000000036,0.041333333333333354,0.08000000000000003,155
4WE_PAIR_022_V01__PLAYER,4WE,22,V01,PLAYER,6,0.020666666666666684,0.040000000000000036,0.041333333333333354,0.08000000000000004,156
4WE_PAIR_023_V01__PLAYER,4WE,23,V01,PLAYER,6,0.020666666666666684,0.040000000000000036,0.041333333333333354,0.08000000000000004,157
4WE_PAIR_011_V04__OPPONENT,4WE,11,V04,OPPONENT,6,0.020000000000000018,0.038000000000000034,0.040000000000000015,0.07600000000000004,158
4WE_PAIR_023_V04__PLAYER,4WE,23,V04,PLAYER,6,0.019666666666666683,0.038000000000000034,0.03933333333333335,0.07600000000000004,159
4WE_PAIR_015_V01__PLAYER,4WE,15,V01,PLAYER,6,0.018666666666666682,0.03400000000000003,0.03733333333333335,0.06800000000000003,160
4WE_PAIR_021_V01__PLAYER,4WE,21,V01,PLAYER,6,0.018666666666666682,0.03400000000000003,0.03733333333333335,0.06800000000000003,161
4WE_PAIR_005_V01__PLAYER,4WE,5,V01,PLAYER,6,0.018000000000000016,0.03400000000000003,0.03666666666666669,0.06800000000000003,162
4WE_PAIR_005_V04__PLAYER,4WE,5,V04,PLAYER,6,0.018000000000000016,0.03400000000000003,0.03666666666666669,0.06800000000000003,163
4WE_PAIR_012_V01__PLAYER,4WE,12,V01,PLAYER,6,0.018000000000000016,0.03400000000000003,0.03666666666666669,0.06800000000000003,164
4WE_PAIR_012_V04__PLAYER,4WE,12,V04,PLAYER,6,0.018000000000000016,0.03400000000000003,0.03666666666666669,0.06800000000000003,165
4WE_PAIR_016_V01__PLAYER,4WE,16,V01,PLAYER,6,0.018000000000000016,0.03400000000000003,0.03600000000000002,0.06800000000000003,166
4WE_PAIR_006_V01__PLAYER,4WE,6,V01,PLAYER,6,0.01766666666666668,0.03400000000000003,0.03533333333333335,0.06800000000000003,167
4WE_PAIR_006_V04__PLAYER,4WE,6,V04,PLAYER,6,0.01766666666666668,0.03400000000000003,0.03533333333333335,0.06800000000000003,168
4WE_PAIR_022_V01__OPPONENT,4WE,22,V01,OPPONENT,6,0.01766666666666668,0.03400000000000003,0.03533333333333335,0.06800000000000003,169
4WE_PAIR_022_V04__OPPONENT,4WE,22,V04,OPPONENT,6,0.01766666666666668,0.03400000000000003,0.03533333333333335,0.06800000000000003,170
4WE_PAIR_023_V01__OPPONENT,4WE,23,V01,OPPONENT,6,0.01766666666666668,0.03400000000000003,0.03533333333333335,0.06800000000000003,171
4WE_PAIR_016_V01__OPPONENT,4WE,16,V01,OPPONENT,6,0.019333333333333345,0.03200000000000003,0.03866666666666668,0.06400000000000003,172
4WE_PAIR_015_V01__OPPONENT,4WE,15,V01,OPPONENT,6,0.019000000000000013,0.03200000000000003,0.03800000000000001,0.06400000000000003,173
4WE_PAIR_021_V01__OPPONENT,4WE,21,V01,OPPONENT,6,0.019000000000000013,0.03200000000000003,0.03800000000000001,0.06400000000000003,174
4WE_PAIR_023_V04__OPPONENT,4WE,23,V04,OPPONENT,6,0.01666666666666668,0.03200000000000003,0.03333333333333335,0.06400000000000003,175
4WE_PAIR_016_V04__OPPONENT,4WE,16,V04,OPPONENT,6,0.018333333333333344,0.030000000000000027,0.03666666666666668,0.060000000000000026,176
4WE_PAIR_015_V04__OPPONENT,4WE,15,V04,OPPONENT,6,0.018000000000000013,0.030000000000000027,0.03600000000000001,0.060000000000000026,177
4WE_PAIR_021_V04__OPPONENT,4WE,21,V04,OPPONENT,6,0.018000000000000013,0.030000000000000027,0.03600000000000001,0.060000000000000026,178
4WE_PAIR_006_V01__OPPONENT,4WE,6,V01,OPPONENT,6,0.01700000000000001,0.028000000000000025,0.03400000000000001,0.05600000000000002,179
4WE_PAIR_005_V01__OPPONENT,4WE,5,V01,OPPONENT,6,0.016333333333333342,0.028000000000000025,0.03266666666666668,0.05600000000000002,180
4WE_PAIR_012_V01__OPPONENT,4WE,12,V01,OPPONENT,6,0.016333333333333342,0.028000000000000025,0.03266666666666668,0.05600000000000002,181
4WE_PAIR_006_V04__OPPONENT,4WE,6,V04,OPPONENT,6,0.01600000000000001,0.026000000000000023,0.032000000000000015,0.052000000000000025,182
4WE_PAIR_005_V04__OPPONENT,4WE,5,V04,OPPONENT,6,0.015333333333333343,0.026000000000000023,0.030666666666666675,0.05200000000000002,183
4WE_PAIR_012_V04__OPPONENT,4WE,12,V04,OPPONENT,6,0.015333333333333343,0.026000000000000023,0.030666666666666675,0.05200000000000002,184
