variant_id,source_scenario_id,dataset_split
NB48_LOSS_10__balanced_midgame__b38b454597c7,NB48_LOSS_10,train
NB48_LOSS_10__counterfactual_side_early__d862febbde1a,NB48_LOSS_10,train
NB48_LOSS_10__counterfactual_side_late__8c8e50dd4698,NB48_LOSS_10,train
NB48_LOSS_10__critical_hp_decision__437af3f25399,NB48_LOSS_10,train
NB48_LOSS_10__early_pressure__86616f3937c2,NB48_LOSS_10,train
NB48_LOSS_10__late_game_prize_pressure__7a59d0987687,NB48_LOSS_10,train
NB48_LOSS_10__opening_one_energy__1ebb255cddbe,NB48_LOSS_10,train
NB48_LOSS_10__opening_zero_energy__73ce727eea86,NB48_LOSS_10,train
NB48_LOSS_10__opponent_under_pressure__7f432504dc1c,NB48_LOSS_10,train
NB48_LOSS_10__player_under_pressure__68266a0c05f9,NB48_LOSS_10,train
NB48_LOSS_100__balanced_midgame__0c626439fa7f,NB48_LOSS_100,train
NB48_LOSS_100__counterfactual_side_early__7ee4dedc8409,NB48_LOSS_100,train
NB48_LOSS_100__counterfactual_side_late__6952d56b432b,NB48_LOSS_100,train
NB48_LOSS_100__critical_hp_decision__c2d904baa03c,NB48_LOSS_100,train
NB48_LOSS_100__early_pressure__8c1b242f8680,NB48_LOSS_100,train
NB48_LOSS_100__late_game_prize_pressure__d08cd4ca36ff,NB48_LOSS_100,train
NB48_LOSS_100__opening_one_energy__81b9ec81efaf,NB48_LOSS_100,train
NB48_LOSS_100__opening_zero_energy__b58d44ff9e61,NB48_LOSS_100,train
NB48_LOSS_100__opponent_under_pressure__f6e08b2aa33c,NB48_LOSS_100,train
NB48_LOSS_100__player_under_pressure__f72484445514,NB48_LOSS_100,train
NB48_LOSS_102__balanced_midgame__6cbd98a5d3f9,NB48_LOSS_102,test
NB48_LOSS_102__counterfactual_side_early__dbac05937892,NB48_LOSS_102,test
NB48_LOSS_102__counterfactual_side_late__27ad5dd904cd,NB48_LOSS_102,test
NB48_LOSS_102__critical_hp_decision__e5fbda022e6a,NB48_LOSS_102,test
NB48_LOSS_102__early_pressure__0e36d85bc9ed,NB48_LOSS_102,test
NB48_LOSS_102__late_game_prize_pressure__459abfae3091,NB48_LOSS_102,test
NB48_LOSS_102__opening_one_energy__e8252476e44b,NB48_LOSS_102,test
NB48_LOSS_102__opening_zero_energy__0791f71be39c,NB48_LOSS_102,test
NB48_LOSS_102__opponent_under_pressure__d622f261ddf2,NB48_LOSS_102,test
NB48_LOSS_102__player_under_pressure__f269ffb3fd85,NB48_LOSS_102,test
NB48_LOSS_104__balanced_midgame__960050f5c4a3,NB48_LOSS_104,train
NB48_LOSS_104__counterfactual_side_early__236ffdd5d798,NB48_LOSS_104,train
NB48_LOSS_104__counterfactual_side_late__2ef8df79a57b,NB48_LOSS_104,train
NB48_LOSS_104__critical_hp_decision__bb98cd35aeb1,NB48_LOSS_104,train
NB48_LOSS_104__early_pressure__52fd72e8811c,NB48_LOSS_104,train
NB48_LOSS_104__late_game_prize_pressure__0952db9ee2a3,NB48_LOSS_104,train
NB48_LOSS_104__opening_one_energy__1b3e5e77cca9,NB48_LOSS_104,train
NB48_LOSS_104__opening_zero_energy__de12fa057a51,NB48_LOSS_104,train
NB48_LOSS_104__opponent_under_pressure__9ee33c8c878f,NB48_LOSS_104,train
NB48_LOSS_104__player_under_pressure__f80376e3768e,NB48_LOSS_104,train
NB48_LOSS_106__balanced_midgame__f6140cdafcaa,NB48_LOSS_106,train
NB48_LOSS_106__counterfactual_side_early__eccdbdc58dcc,NB48_LOSS_106,train
NB48_LOSS_106__counterfactual_side_late__94a4b62a8ceb,NB48_LOSS_106,train
NB48_LOSS_106__critical_hp_decision__e5db11c5c03f,NB48_LOSS_106,train
NB48_LOSS_106__early_pressure__3c4cf98e262e,NB48_LOSS_106,train
NB48_LOSS_106__late_game_prize_pressure__c2ffef91b921,NB48_LOSS_106,train
NB48_LOSS_106__opening_one_energy__0d72c4e58a23,NB48_LOSS_106,train
NB48_LOSS_106__opening_zero_energy__e788f3ef4607,NB48_LOSS_106,train
NB48_LOSS_106__opponent_under_pressure__d73869688880,NB48_LOSS_106,train
NB48_LOSS_106__player_under_pressure__9b200d39483a,NB48_LOSS_106,train
NB48_LOSS_11__balanced_midgame__bd59f62f20d3,NB48_LOSS_11,train
NB48_LOSS_11__counterfactual_side_early__c07dc71a35cd,NB48_LOSS_11,train
NB48_LOSS_11__counterfactual_side_late__4af1b8abf9b7,NB48_LOSS_11,train
NB48_LOSS_11__critical_hp_decision__bac0467a37c9,NB48_LOSS_11,train
NB48_LOSS_11__early_pressure__cf73e97418be,NB48_LOSS_11,train
NB48_LOSS_11__late_game_prize_pressure__4225c967cc2d,NB48_LOSS_11,train
NB48_LOSS_11__opening_one_energy__f7b9cf263fc1,NB48_LOSS_11,train
NB48_LOSS_11__opening_zero_energy__4edf12bd391e,NB48_LOSS_11,train
NB48_LOSS_11__opponent_under_pressure__e9c22b5c05a3,NB48_LOSS_11,train
NB48_LOSS_11__player_under_pressure__6b48ed2bd74f,NB48_LOSS_11,train
NB48_LOSS_110__balanced_midgame__0582cf1d942c,NB48_LOSS_110,train
NB48_LOSS_110__counterfactual_side_early__67b9e9aab238,NB48_LOSS_110,train
NB48_LOSS_110__counterfactual_side_late__ff0828a4a3f6,NB48_LOSS_110,train
NB48_LOSS_110__critical_hp_decision__6b0f6b8a3212,NB48_LOSS_110,train
NB48_LOSS_110__early_pressure__768641b992df,NB48_LOSS_110,train
NB48_LOSS_110__late_game_prize_pressure__7763b37ce6d1,NB48_LOSS_110,train
NB48_LOSS_110__opening_one_energy__6a5b001b4715,NB48_LOSS_110,train
NB48_LOSS_110__opening_zero_energy__79c63bed3a36,NB48_LOSS_110,train
NB48_LOSS_110__opponent_under_pressure__55cf2a320592,NB48_LOSS_110,train
NB48_LOSS_110__player_under_pressure__b7497838e458,NB48_LOSS_110,train
NB48_LOSS_111__balanced_midgame__b9dc3fdd8e4f,NB48_LOSS_111,test
NB48_LOSS_111__counterfactual_side_early__1fd4df67b05f,NB48_LOSS_111,test
NB48_LOSS_111__counterfactual_side_late__da2a7c89c6c9,NB48_LOSS_111,test
NB48_LOSS_111__critical_hp_decision__585d1c42f2c2,NB48_LOSS_111,test
NB48_LOSS_111__early_pressure__2fe5dea8ba70,NB48_LOSS_111,test
NB48_LOSS_111__late_game_prize_pressure__94b3ebdaf387,NB48_LOSS_111,test
NB48_LOSS_111__opening_one_energy__025fa7c4c42c,NB48_LOSS_111,test
NB48_LOSS_111__opening_zero_energy__8f82b4c89f9a,NB48_LOSS_111,test
NB48_LOSS_111__opponent_under_pressure__77d5c6db3b9e,NB48_LOSS_111,test
NB48_LOSS_111__player_under_pressure__dd56cfe90e86,NB48_LOSS_111,test
NB48_LOSS_114__balanced_midgame__67cda55a9006,NB48_LOSS_114,validation
NB48_LOSS_114__counterfactual_side_early__915268b14c17,NB48_LOSS_114,validation
NB48_LOSS_114__counterfactual_side_late__23b672a5452d,NB48_LOSS_114,validation
NB48_LOSS_114__critical_hp_decision__c008c094e0a6,NB48_LOSS_114,validation
NB48_LOSS_114__early_pressure__28a36c7b16b6,NB48_LOSS_114,validation
NB48_LOSS_114__late_game_prize_pressure__54eaaf6c311f,NB48_LOSS_114,validation
NB48_LOSS_114__opening_one_energy__387caa33af81,NB48_LOSS_114,validation
NB48_LOSS_114__opening_zero_energy__b8ff08e38020,NB48_LOSS_114,validation
NB48_LOSS_114__opponent_under_pressure__9a45ec3e59da,NB48_LOSS_114,validation
NB48_LOSS_114__player_under_pressure__b5c4dee6e36b,NB48_LOSS_114,validation
NB48_LOSS_116__balanced_midgame__14e8d18e776c,NB48_LOSS_116,train
NB48_LOSS_116__counterfactual_side_early__b8d1f217087d,NB48_LOSS_116,train
NB48_LOSS_116__counterfactual_side_late__cd33307aed69,NB48_LOSS_116,train
NB48_LOSS_116__critical_hp_decision__f46d9034bb37,NB48_LOSS_116,train
NB48_LOSS_116__early_pressure__fb9c50da2d9c,NB48_LOSS_116,train
NB48_LOSS_116__late_game_prize_pressure__4bd458440344,NB48_LOSS_116,train
NB48_LOSS_116__opening_one_energy__def67e090f30,NB48_LOSS_116,train
NB48_LOSS_116__opening_zero_energy__7629c836ef61,NB48_LOSS_116,train
NB48_LOSS_116__opponent_under_pressure__9178b36a7e71,NB48_LOSS_116,train
NB48_LOSS_116__player_under_pressure__024ed67d119a,NB48_LOSS_116,train
NB48_LOSS_118__balanced_midgame__456d66a36e54,NB48_LOSS_118,train
NB48_LOSS_118__counterfactual_side_early__3a3839c7a7a6,NB48_LOSS_118,train
NB48_LOSS_118__counterfactual_side_late__cf78ffd50cbd,NB48_LOSS_118,train
NB48_LOSS_118__critical_hp_decision__0a6e50de3771,NB48_LOSS_118,train
NB48_LOSS_118__early_pressure__d34e7667602c,NB48_LOSS_118,train
NB48_LOSS_118__late_game_prize_pressure__4c0c450d050d,NB48_LOSS_118,train
NB48_LOSS_118__opening_one_energy__e1669675b0dc,NB48_LOSS_118,train
NB48_LOSS_118__opening_zero_energy__caaf8e18fc2c,NB48_LOSS_118,train
NB48_LOSS_118__opponent_under_pressure__dbe5d5c24728,NB48_LOSS_118,train
NB48_LOSS_118__player_under_pressure__48c38c7648ec,NB48_LOSS_118,train
NB48_LOSS_122__balanced_midgame__87250ce26397,NB48_LOSS_122,train
NB48_LOSS_122__counterfactual_side_early__4e84bb63c378,NB48_LOSS_122,train
NB48_LOSS_122__counterfactual_side_late__0df4f0e8f6dc,NB48_LOSS_122,train
NB48_LOSS_122__critical_hp_decision__89f38d910c68,NB48_LOSS_122,train
NB48_LOSS_122__early_pressure__0dc9b19831f2,NB48_LOSS_122,train
NB48_LOSS_122__late_game_prize_pressure__62f09ebb13e9,NB48_LOSS_122,train
NB48_LOSS_122__opening_one_energy__03d50a3aeb83,NB48_LOSS_122,train
NB48_LOSS_122__opening_zero_energy__b1c465502b79,NB48_LOSS_122,train
NB48_LOSS_122__opponent_under_pressure__bc5db4d15430,NB48_LOSS_122,train
NB48_LOSS_122__player_under_pressure__bb450082c558,NB48_LOSS_122,train
NB48_LOSS_123__balanced_midgame__f7d8c4bbf670,NB48_LOSS_123,test
NB48_LOSS_123__counterfactual_side_early__7d826a236356,NB48_LOSS_123,test
NB48_LOSS_123__counterfactual_side_late__45667389c9ee,NB48_LOSS_123,test
NB48_LOSS_123__critical_hp_decision__41a31f717375,NB48_LOSS_123,test
NB48_LOSS_123__early_pressure__0dfc0444848d,NB48_LOSS_123,test
NB48_LOSS_123__late_game_prize_pressure__ede7934d7c41,NB48_LOSS_123,test
NB48_LOSS_123__opening_one_energy__262309e2238f,NB48_LOSS_123,test
NB48_LOSS_123__opening_zero_energy__a453bbb61252,NB48_LOSS_123,test
NB48_LOSS_123__opponent_under_pressure__134ac2cf4c2a,NB48_LOSS_123,test
NB48_LOSS_123__player_under_pressure__3a069279e8c7,NB48_LOSS_123,test
NB48_LOSS_126__balanced_midgame__cac7693e50ee,NB48_LOSS_126,train
NB48_LOSS_126__counterfactual_side_early__4d39272541de,NB48_LOSS_126,train
NB48_LOSS_126__counterfactual_side_late__0194b51fe618,NB48_LOSS_126,train
NB48_LOSS_126__critical_hp_decision__b1186dd2d827,NB48_LOSS_126,train
NB48_LOSS_126__early_pressure__2de64ad746c1,NB48_LOSS_126,train
NB48_LOSS_126__late_game_prize_pressure__31b694e36380,NB48_LOSS_126,train
NB48_LOSS_126__opening_one_energy__6027d5249c4f,NB48_LOSS_126,train
NB48_LOSS_126__opening_zero_energy__a445ef92e6b0,NB48_LOSS_126,train
NB48_LOSS_126__opponent_under_pressure__90b85cc8af28,NB48_LOSS_126,train
NB48_LOSS_126__player_under_pressure__cdec29cf20f6,NB48_LOSS_126,train
NB48_LOSS_128__balanced_midgame__34682b9d82de,NB48_LOSS_128,train
NB48_LOSS_128__counterfactual_side_early__237592b806ee,NB48_LOSS_128,train
NB48_LOSS_128__counterfactual_side_late__da2160b7ad51,NB48_LOSS_128,train
NB48_LOSS_128__critical_hp_decision__87bc251a7760,NB48_LOSS_128,train
NB48_LOSS_128__early_pressure__bace1ce49dc1,NB48_LOSS_128,train
NB48_LOSS_128__late_game_prize_pressure__cc3b74fbe1c2,NB48_LOSS_128,train
NB48_LOSS_128__opening_one_energy__69799ed2a5a6,NB48_LOSS_128,train
NB48_LOSS_128__opening_zero_energy__cfff8229931c,NB48_LOSS_128,train
NB48_LOSS_128__opponent_under_pressure__b489f6be0c68,NB48_LOSS_128,train
NB48_LOSS_128__player_under_pressure__14c0991e79ab,NB48_LOSS_128,train
NB48_LOSS_130__balanced_midgame__d4660f2ec4bd,NB48_LOSS_130,train
NB48_LOSS_130__counterfactual_side_early__ad8c37f83282,NB48_LOSS_130,train
NB48_LOSS_130__counterfactual_side_late__30d92584b141,NB48_LOSS_130,train
NB48_LOSS_130__critical_hp_decision__5ca9f29d2c7a,NB48_LOSS_130,train
NB48_LOSS_130__early_pressure__9a5b9400f1ce,NB48_LOSS_130,train
NB48_LOSS_130__late_game_prize_pressure__3966361485a6,NB48_LOSS_130,train
NB48_LOSS_130__opening_one_energy__4c5971d39c0f,NB48_LOSS_130,train
NB48_LOSS_130__opening_zero_energy__dee25ca75ca0,NB48_LOSS_130,train
NB48_LOSS_130__opponent_under_pressure__b0e002054de1,NB48_LOSS_130,train
NB48_LOSS_130__player_under_pressure__23e53d8f1db0,NB48_LOSS_130,train
NB48_LOSS_134__balanced_midgame__973223dfb997,NB48_LOSS_134,train
NB48_LOSS_134__counterfactual_side_early__1cc4adc5caae,NB48_LOSS_134,train
NB48_LOSS_134__counterfactual_side_late__53238d2d9352,NB48_LOSS_134,train
NB48_LOSS_134__critical_hp_decision__60c39950a9ee,NB48_LOSS_134,train
NB48_LOSS_134__early_pressure__5ec353e6546e,NB48_LOSS_134,train
NB48_LOSS_134__late_game_prize_pressure__7d69319f645f,NB48_LOSS_134,train
NB48_LOSS_134__opening_one_energy__cdbd89e746d1,NB48_LOSS_134,train
NB48_LOSS_134__opening_zero_energy__c3b9e6f95df8,NB48_LOSS_134,train
NB48_LOSS_134__opponent_under_pressure__74f9c4056858,NB48_LOSS_134,train
NB48_LOSS_134__player_under_pressure__9cc1e8529b96,NB48_LOSS_134,train
NB48_LOSS_135__balanced_midgame__41f0acad301a,NB48_LOSS_135,train
NB48_LOSS_135__counterfactual_side_early__59d2fd0c57d3,NB48_LOSS_135,train
NB48_LOSS_135__counterfactual_side_late__a258fab3705a,NB48_LOSS_135,train
NB48_LOSS_135__critical_hp_decision__e9f635fc63c3,NB48_LOSS_135,train
NB48_LOSS_135__early_pressure__e51ae4e71549,NB48_LOSS_135,train
NB48_LOSS_135__late_game_prize_pressure__c271ebc35993,NB48_LOSS_135,train
NB48_LOSS_135__opening_one_energy__fd1b26dc8fa2,NB48_LOSS_135,train
NB48_LOSS_135__opening_zero_energy__f5742c38662c,NB48_LOSS_135,train
NB48_LOSS_135__opponent_under_pressure__45f8d3e5bed5,NB48_LOSS_135,train
NB48_LOSS_135__player_under_pressure__3efd11199c11,NB48_LOSS_135,train
NB48_LOSS_138__balanced_midgame__828a49c1ee44,NB48_LOSS_138,train
NB48_LOSS_138__counterfactual_side_early__3316107d86b8,NB48_LOSS_138,train
NB48_LOSS_138__counterfactual_side_late__eb24c79df892,NB48_LOSS_138,train
NB48_LOSS_138__critical_hp_decision__8e2880a722c6,NB48_LOSS_138,train
NB48_LOSS_138__early_pressure__96890149f868,NB48_LOSS_138,train
NB48_LOSS_138__late_game_prize_pressure__4890b8da69c5,NB48_LOSS_138,train
NB48_LOSS_138__opening_one_energy__765aa9cdfbb2,NB48_LOSS_138,train
NB48_LOSS_138__opening_zero_energy__5c7d66309ebe,NB48_LOSS_138,train
NB48_LOSS_138__opponent_under_pressure__34682413654e,NB48_LOSS_138,train
NB48_LOSS_138__player_under_pressure__d47d0f0feafd,NB48_LOSS_138,train
NB48_LOSS_140__balanced_midgame__28f98ab4f286,NB48_LOSS_140,train
NB48_LOSS_140__counterfactual_side_early__4a470d98247f,NB48_LOSS_140,train
NB48_LOSS_140__counterfactual_side_late__7a81fde28039,NB48_LOSS_140,train
NB48_LOSS_140__critical_hp_decision__52615c3f4be4,NB48_LOSS_140,train
NB48_LOSS_140__early_pressure__2a55d051bab5,NB48_LOSS_140,train
NB48_LOSS_140__late_game_prize_pressure__2a69fcf6693a,NB48_LOSS_140,train
NB48_LOSS_140__opening_one_energy__5919308393e1,NB48_LOSS_140,train
NB48_LOSS_140__opening_zero_energy__7fb6bf33ae65,NB48_LOSS_140,train
NB48_LOSS_140__opponent_under_pressure__90ad9a74f29a,NB48_LOSS_140,train
NB48_LOSS_140__player_under_pressure__d93a9a497473,NB48_LOSS_140,train
NB48_LOSS_142__balanced_midgame__4814b496bded,NB48_LOSS_142,train
NB48_LOSS_142__counterfactual_side_early__fb3bd98e6462,NB48_LOSS_142,train
NB48_LOSS_142__counterfactual_side_late__ec123371c982,NB48_LOSS_142,train
NB48_LOSS_142__critical_hp_decision__6af8da86d3dc,NB48_LOSS_142,train
NB48_LOSS_142__early_pressure__3dac010af349,NB48_LOSS_142,train
NB48_LOSS_142__late_game_prize_pressure__0c1e8662f01b,NB48_LOSS_142,train
NB48_LOSS_142__opening_one_energy__20116fd2a80c,NB48_LOSS_142,train
NB48_LOSS_142__opening_zero_energy__2462d3150ac4,NB48_LOSS_142,train
NB48_LOSS_142__opponent_under_pressure__bef0e9e1c5d2,NB48_LOSS_142,train
NB48_LOSS_142__player_under_pressure__d28d32534196,NB48_LOSS_142,train
NB48_LOSS_146__balanced_midgame__e6a8e1494834,NB48_LOSS_146,train
NB48_LOSS_146__counterfactual_side_early__472dde0397e9,NB48_LOSS_146,train
NB48_LOSS_146__counterfactual_side_late__34d1ddc260e6,NB48_LOSS_146,train
NB48_LOSS_146__critical_hp_decision__5e1caa0cb9e0,NB48_LOSS_146,train
NB48_LOSS_146__early_pressure__b1c65fa4554e,NB48_LOSS_146,train
NB48_LOSS_146__late_game_prize_pressure__2e40d42570ec,NB48_LOSS_146,train
NB48_LOSS_146__opening_one_energy__26dd61c466a8,NB48_LOSS_146,train
NB48_LOSS_146__opening_zero_energy__cd6e6bc65236,NB48_LOSS_146,train
NB48_LOSS_146__opponent_under_pressure__de576df0c7ad,NB48_LOSS_146,train
NB48_LOSS_146__player_under_pressure__104be7fa5db5,NB48_LOSS_146,train
NB48_LOSS_147__balanced_midgame__228f1d11acd7,NB48_LOSS_147,train
NB48_LOSS_147__counterfactual_side_early__fef6822200b4,NB48_LOSS_147,train
NB48_LOSS_147__counterfactual_side_late__a9b341356dc3,NB48_LOSS_147,train
NB48_LOSS_147__critical_hp_decision__5bbc1524cd80,NB48_LOSS_147,train
NB48_LOSS_147__early_pressure__d3d6aeba1281,NB48_LOSS_147,train
NB48_LOSS_147__late_game_prize_pressure__106e609fdb5a,NB48_LOSS_147,train
NB48_LOSS_147__opening_one_energy__c0cbf00ecf2c,NB48_LOSS_147,train
NB48_LOSS_147__opening_zero_energy__998a605fa3c3,NB48_LOSS_147,train
NB48_LOSS_147__opponent_under_pressure__85e53a72ca06,NB48_LOSS_147,train
NB48_LOSS_147__player_under_pressure__57dacf3f12ff,NB48_LOSS_147,train
NB48_LOSS_150__balanced_midgame__c89bfc1b7095,NB48_LOSS_150,train
NB48_LOSS_150__counterfactual_side_early__c8ec9af9039e,NB48_LOSS_150,train
NB48_LOSS_150__counterfactual_side_late__a0967855628a,NB48_LOSS_150,train
NB48_LOSS_150__critical_hp_decision__ec52872d8714,NB48_LOSS_150,train
NB48_LOSS_150__early_pressure__0c78137e831d,NB48_LOSS_150,train
NB48_LOSS_150__late_game_prize_pressure__261ab31426a0,NB48_LOSS_150,train
NB48_LOSS_150__opening_one_energy__4603165fddd5,NB48_LOSS_150,train
NB48_LOSS_150__opening_zero_energy__ca4cf38b6f3e,NB48_LOSS_150,train
NB48_LOSS_150__opponent_under_pressure__1ebd939c1b05,NB48_LOSS_150,train
NB48_LOSS_150__player_under_pressure__f271609219fc,NB48_LOSS_150,train
NB48_LOSS_152__balanced_midgame__7253afa320d4,NB48_LOSS_152,train
NB48_LOSS_152__counterfactual_side_early__2a8d280cfe1f,NB48_LOSS_152,train
NB48_LOSS_152__counterfactual_side_late__a15b1391dcdc,NB48_LOSS_152,train
NB48_LOSS_152__critical_hp_decision__0b8f18944034,NB48_LOSS_152,train
NB48_LOSS_152__early_pressure__c159892d39d9,NB48_LOSS_152,train
NB48_LOSS_152__late_game_prize_pressure__cf7b9d89b773,NB48_LOSS_152,train
NB48_LOSS_152__opening_one_energy__6d71d0d8854a,NB48_LOSS_152,train
NB48_LOSS_152__opening_zero_energy__09d08d9f55fe,NB48_LOSS_152,train
NB48_LOSS_152__opponent_under_pressure__43b71aa4d409,NB48_LOSS_152,train
NB48_LOSS_152__player_under_pressure__6e35c3b407d4,NB48_LOSS_152,train
NB48_LOSS_154__balanced_midgame__2c5c0c4da373,NB48_LOSS_154,train
NB48_LOSS_154__counterfactual_side_early__8fce4ab44f81,NB48_LOSS_154,train
NB48_LOSS_154__counterfactual_side_late__22d721319735,NB48_LOSS_154,train
NB48_LOSS_154__critical_hp_decision__57dd6576cb0a,NB48_LOSS_154,train
NB48_LOSS_154__early_pressure__59d78658dcd6,NB48_LOSS_154,train
NB48_LOSS_154__late_game_prize_pressure__586d751e74ce,NB48_LOSS_154,train
NB48_LOSS_154__opening_one_energy__c7747657abbf,NB48_LOSS_154,train
NB48_LOSS_154__opening_zero_energy__2f1b9caf5b85,NB48_LOSS_154,train
NB48_LOSS_154__opponent_under_pressure__c1ddef9330de,NB48_LOSS_154,train
NB48_LOSS_154__player_under_pressure__674ad46c3597,NB48_LOSS_154,train
NB48_LOSS_158__balanced_midgame__5e664de6a114,NB48_LOSS_158,test
NB48_LOSS_158__counterfactual_side_early__b4764bd0710d,NB48_LOSS_158,test
NB48_LOSS_158__counterfactual_side_late__395f761b8ca2,NB48_LOSS_158,test
NB48_LOSS_158__critical_hp_decision__531157cdbb4d,NB48_LOSS_158,test
NB48_LOSS_158__early_pressure__d81fba6d7c74,NB48_LOSS_158,test
NB48_LOSS_158__late_game_prize_pressure__cac092b4ae14,NB48_LOSS_158,test
NB48_LOSS_158__opening_one_energy__7dead509ccb9,NB48_LOSS_158,test
NB48_LOSS_158__opening_zero_energy__ed4335a54ad3,NB48_LOSS_158,test
NB48_LOSS_158__opponent_under_pressure__ef2faad73aeb,NB48_LOSS_158,test
NB48_LOSS_158__player_under_pressure__13bb1f9a8dea,NB48_LOSS_158,test
NB48_LOSS_159__balanced_midgame__5d24d4cd2ea4,NB48_LOSS_159,train
NB48_LOSS_159__counterfactual_side_early__f4866e4d270b,NB48_LOSS_159,train
NB48_LOSS_159__counterfactual_side_late__4f6d9bd7b62c,NB48_LOSS_159,train
NB48_LOSS_159__critical_hp_decision__3724894b8db1,NB48_LOSS_159,train
NB48_LOSS_159__early_pressure__4ff2707a5dd3,NB48_LOSS_159,train
NB48_LOSS_159__late_game_prize_pressure__f82cbb7e5e0e,NB48_LOSS_159,train
NB48_LOSS_159__opening_one_energy__4d5a6d8a2a20,NB48_LOSS_159,train
NB48_LOSS_159__opening_zero_energy__08eba4568264,NB48_LOSS_159,train
NB48_LOSS_159__opponent_under_pressure__590c104c0574,NB48_LOSS_159,train
NB48_LOSS_159__player_under_pressure__43cb7ffa614c,NB48_LOSS_159,train
NB48_LOSS_162__balanced_midgame__66fc07c5c70e,NB48_LOSS_162,test
NB48_LOSS_162__counterfactual_side_early__8150fff39c40,NB48_LOSS_162,test
NB48_LOSS_162__counterfactual_side_late__eda5b6031858,NB48_LOSS_162,test
NB48_LOSS_162__critical_hp_decision__c7b44cfb0238,NB48_LOSS_162,test
NB48_LOSS_162__early_pressure__52e8598c9c09,NB48_LOSS_162,test
NB48_LOSS_162__late_game_prize_pressure__361a998ea16f,NB48_LOSS_162,test
NB48_LOSS_162__opening_one_energy__23d382ad62d5,NB48_LOSS_162,test
NB48_LOSS_162__opening_zero_energy__5e50d798d7a1,NB48_LOSS_162,test
NB48_LOSS_162__opponent_under_pressure__8b4f8ad479d0,NB48_LOSS_162,test
NB48_LOSS_162__player_under_pressure__82b3bdf50531,NB48_LOSS_162,test
NB48_LOSS_164__balanced_midgame__d53f93e0e818,NB48_LOSS_164,test
NB48_LOSS_164__counterfactual_side_early__79952cb96149,NB48_LOSS_164,test
NB48_LOSS_164__counterfactual_side_late__09e048fe9aa6,NB48_LOSS_164,test
NB48_LOSS_164__critical_hp_decision__a6fceba8ba65,NB48_LOSS_164,test
NB48_LOSS_164__early_pressure__952e669d4fb5,NB48_LOSS_164,test
NB48_LOSS_164__late_game_prize_pressure__71a9e5f6e238,NB48_LOSS_164,test
NB48_LOSS_164__opening_one_energy__fb88acffec25,NB48_LOSS_164,test
NB48_LOSS_164__opening_zero_energy__65de92316e55,NB48_LOSS_164,test
NB48_LOSS_164__opponent_under_pressure__92aa42e4802d,NB48_LOSS_164,test
NB48_LOSS_164__player_under_pressure__9b9a1c766faa,NB48_LOSS_164,test
NB48_LOSS_166__balanced_midgame__a056dc648ce0,NB48_LOSS_166,validation
NB48_LOSS_166__counterfactual_side_early__131dc92ce858,NB48_LOSS_166,validation
NB48_LOSS_166__counterfactual_side_late__ca11e0feb30b,NB48_LOSS_166,validation
NB48_LOSS_166__critical_hp_decision__aa27c7436345,NB48_LOSS_166,validation
NB48_LOSS_166__early_pressure__a0afe7f0e6e8,NB48_LOSS_166,validation
NB48_LOSS_166__late_game_prize_pressure__66b0a4030332,NB48_LOSS_166,validation
NB48_LOSS_166__opening_one_energy__b49c6d0d9d88,NB48_LOSS_166,validation
NB48_LOSS_166__opening_zero_energy__56d3e5f574a4,NB48_LOSS_166,validation
NB48_LOSS_166__opponent_under_pressure__566a09f03fd5,NB48_LOSS_166,validation
NB48_LOSS_166__player_under_pressure__926f7c18842e,NB48_LOSS_166,validation
NB48_LOSS_170__balanced_midgame__5ec28db25fad,NB48_LOSS_170,train
NB48_LOSS_170__counterfactual_side_early__d5bef20430c1,NB48_LOSS_170,train
NB48_LOSS_170__counterfactual_side_late__944df658b409,NB48_LOSS_170,train
NB48_LOSS_170__critical_hp_decision__a8d232b94598,NB48_LOSS_170,train
NB48_LOSS_170__early_pressure__57944c67721a,NB48_LOSS_170,train
NB48_LOSS_170__late_game_prize_pressure__a856579de822,NB48_LOSS_170,train
NB48_LOSS_170__opening_one_energy__f91b8f130647,NB48_LOSS_170,train
NB48_LOSS_170__opening_zero_energy__11adf26e1162,NB48_LOSS_170,train
NB48_LOSS_170__opponent_under_pressure__2df70ade867b,NB48_LOSS_170,train
NB48_LOSS_170__player_under_pressure__d0fd8847bc55,NB48_LOSS_170,train
NB48_LOSS_171__balanced_midgame__447ca00796dc,NB48_LOSS_171,test
NB48_LOSS_171__counterfactual_side_early__b9c1287f5fd8,NB48_LOSS_171,test
NB48_LOSS_171__counterfactual_side_late__2203f683d217,NB48_LOSS_171,test
NB48_LOSS_171__critical_hp_decision__2c956b6eefe8,NB48_LOSS_171,test
NB48_LOSS_171__early_pressure__8ac54fb008a4,NB48_LOSS_171,test
NB48_LOSS_171__late_game_prize_pressure__f5ab8c36ae1b,NB48_LOSS_171,test
NB48_LOSS_171__opening_one_energy__1f6367d96bb7,NB48_LOSS_171,test
NB48_LOSS_171__opening_zero_energy__d3301569ed7a,NB48_LOSS_171,test
NB48_LOSS_171__opponent_under_pressure__9d45c0e647d6,NB48_LOSS_171,test
NB48_LOSS_171__player_under_pressure__5926776d4ad5,NB48_LOSS_171,test
NB48_LOSS_174__balanced_midgame__d1481f6363ea,NB48_LOSS_174,train
NB48_LOSS_174__counterfactual_side_early__19566580d8b6,NB48_LOSS_174,train
NB48_LOSS_174__counterfactual_side_late__d1b1ba98e53f,NB48_LOSS_174,train
NB48_LOSS_174__critical_hp_decision__0a9a3c93f4ac,NB48_LOSS_174,train
NB48_LOSS_174__early_pressure__1ad1d884d8ff,NB48_LOSS_174,train
NB48_LOSS_174__late_game_prize_pressure__20affd605c7a,NB48_LOSS_174,train
NB48_LOSS_174__opening_one_energy__39ff3e1c14e6,NB48_LOSS_174,train
NB48_LOSS_174__opening_zero_energy__f791cfa9f0f8,NB48_LOSS_174,train
NB48_LOSS_174__opponent_under_pressure__8ce63db54575,NB48_LOSS_174,train
NB48_LOSS_174__player_under_pressure__70b36ae9dabe,NB48_LOSS_174,train
NB48_LOSS_176__balanced_midgame__e46a8758a2ab,NB48_LOSS_176,test
NB48_LOSS_176__counterfactual_side_early__323a84878337,NB48_LOSS_176,test
NB48_LOSS_176__counterfactual_side_late__a501140e2efe,NB48_LOSS_176,test
NB48_LOSS_176__critical_hp_decision__12f3bd274ca7,NB48_LOSS_176,test
NB48_LOSS_176__early_pressure__d0851bc1e37c,NB48_LOSS_176,test
NB48_LOSS_176__late_game_prize_pressure__7aeec92f3491,NB48_LOSS_176,test
NB48_LOSS_176__opening_one_energy__1679ec57d964,NB48_LOSS_176,test
NB48_LOSS_176__opening_zero_energy__6903cda1a084,NB48_LOSS_176,test
NB48_LOSS_176__opponent_under_pressure__a4458c2dbaad,NB48_LOSS_176,test
NB48_LOSS_176__player_under_pressure__12fff893ec75,NB48_LOSS_176,test
NB48_LOSS_178__balanced_midgame__60ef3cdd01da,NB48_LOSS_178,train
NB48_LOSS_178__counterfactual_side_early__d394cf5f7e2d,NB48_LOSS_178,train
NB48_LOSS_178__counterfactual_side_late__a4d7d08b5baf,NB48_LOSS_178,train
NB48_LOSS_178__critical_hp_decision__8a1a82f5fd32,NB48_LOSS_178,train
NB48_LOSS_178__early_pressure__ebda4c4002d8,NB48_LOSS_178,train
NB48_LOSS_178__late_game_prize_pressure__b8903b3aeb69,NB48_LOSS_178,train
NB48_LOSS_178__opening_one_energy__ca9174a4edfd,NB48_LOSS_178,train
NB48_LOSS_178__opening_zero_energy__afa1c6061169,NB48_LOSS_178,train
NB48_LOSS_178__opponent_under_pressure__8408b7a4e845,NB48_LOSS_178,train
NB48_LOSS_178__player_under_pressure__89405e31eb14,NB48_LOSS_178,train
NB48_LOSS_182__balanced_midgame__9c680f66fce2,NB48_LOSS_182,validation
NB48_LOSS_182__counterfactual_side_early__92e666c8bba0,NB48_LOSS_182,validation
NB48_LOSS_182__counterfactual_side_late__e2863cbb5010,NB48_LOSS_182,validation
NB48_LOSS_182__critical_hp_decision__6cda8cbb72aa,NB48_LOSS_182,validation
NB48_LOSS_182__early_pressure__9c062268e771,NB48_LOSS_182,validation
NB48_LOSS_182__late_game_prize_pressure__a1ca5e06639e,NB48_LOSS_182,validation
NB48_LOSS_182__opening_one_energy__ac200cd852a9,NB48_LOSS_182,validation
NB48_LOSS_182__opening_zero_energy__5ae5b4d080b1,NB48_LOSS_182,validation
NB48_LOSS_182__opponent_under_pressure__358ff1c8d15c,NB48_LOSS_182,validation
NB48_LOSS_182__player_under_pressure__3c072613ad7c,NB48_LOSS_182,validation
NB48_LOSS_183__balanced_midgame__70a5727f90b0,NB48_LOSS_183,validation
NB48_LOSS_183__counterfactual_side_early__b9734971ecdf,NB48_LOSS_183,validation
NB48_LOSS_183__counterfactual_side_late__91ba65902e21,NB48_LOSS_183,validation
NB48_LOSS_183__critical_hp_decision__0cec324fa150,NB48_LOSS_183,validation
NB48_LOSS_183__early_pressure__58f55ac209b6,NB48_LOSS_183,validation
NB48_LOSS_183__late_game_prize_pressure__44caf68110e3,NB48_LOSS_183,validation
NB48_LOSS_183__opening_one_energy__d521a5df9d92,NB48_LOSS_183,validation
NB48_LOSS_183__opening_zero_energy__10baa8da81a7,NB48_LOSS_183,validation
NB48_LOSS_183__opponent_under_pressure__39dd605dc292,NB48_LOSS_183,validation
NB48_LOSS_183__player_under_pressure__351403b94b97,NB48_LOSS_183,validation
NB48_LOSS_186__balanced_midgame__a4aab87763f6,NB48_LOSS_186,test
NB48_LOSS_186__counterfactual_side_early__5058ff9de375,NB48_LOSS_186,test
NB48_LOSS_186__counterfactual_side_late__e88125f4fd86,NB48_LOSS_186,test
NB48_LOSS_186__critical_hp_decision__a26ee6c5a54b,NB48_LOSS_186,test
NB48_LOSS_186__early_pressure__0c799d7f85b9,NB48_LOSS_186,test
NB48_LOSS_186__late_game_prize_pressure__49c844c84ef6,NB48_LOSS_186,test
NB48_LOSS_186__opening_one_energy__1f808b9d1bbc,NB48_LOSS_186,test
NB48_LOSS_186__opening_zero_energy__27b2dbb7cabf,NB48_LOSS_186,test
NB48_LOSS_186__opponent_under_pressure__b4159f52ce64,NB48_LOSS_186,test
NB48_LOSS_186__player_under_pressure__327c3ddd6478,NB48_LOSS_186,test
NB48_LOSS_188__balanced_midgame__cc4794feaa11,NB48_LOSS_188,train
NB48_LOSS_188__counterfactual_side_early__1945cb46dbe3,NB48_LOSS_188,train
NB48_LOSS_188__counterfactual_side_late__478588811081,NB48_LOSS_188,train
NB48_LOSS_188__critical_hp_decision__c773190371df,NB48_LOSS_188,train
NB48_LOSS_188__early_pressure__d27ea00c7dad,NB48_LOSS_188,train
NB48_LOSS_188__late_game_prize_pressure__54fdfc058ec4,NB48_LOSS_188,train
NB48_LOSS_188__opening_one_energy__0eed663ae388,NB48_LOSS_188,train
NB48_LOSS_188__opening_zero_energy__7501972b4846,NB48_LOSS_188,train
NB48_LOSS_188__opponent_under_pressure__2c08ed7d6518,NB48_LOSS_188,train
NB48_LOSS_188__player_under_pressure__e0cfb8e2474d,NB48_LOSS_188,train
NB48_LOSS_190__balanced_midgame__700e06aaf9dc,NB48_LOSS_190,train
NB48_LOSS_190__counterfactual_side_early__da5b81beb61e,NB48_LOSS_190,train
NB48_LOSS_190__counterfactual_side_late__cc631b155246,NB48_LOSS_190,train
NB48_LOSS_190__critical_hp_decision__84a5dc05d9fa,NB48_LOSS_190,train
NB48_LOSS_190__early_pressure__b56c94b2901f,NB48_LOSS_190,train
NB48_LOSS_190__late_game_prize_pressure__68e10aa34c43,NB48_LOSS_190,train
NB48_LOSS_190__opening_one_energy__635e4435e68e,NB48_LOSS_190,train
NB48_LOSS_190__opening_zero_energy__2a18e41572d4,NB48_LOSS_190,train
NB48_LOSS_190__opponent_under_pressure__14fe537e877e,NB48_LOSS_190,train
NB48_LOSS_190__player_under_pressure__192af7b47566,NB48_LOSS_190,train
NB48_LOSS_194__balanced_midgame__ec3382b33771,NB48_LOSS_194,train
NB48_LOSS_194__counterfactual_side_early__446ceb337eef,NB48_LOSS_194,train
NB48_LOSS_194__counterfactual_side_late__0e4d1b78bca6,NB48_LOSS_194,train
NB48_LOSS_194__critical_hp_decision__48cc1ec1527f,NB48_LOSS_194,train
NB48_LOSS_194__early_pressure__90dc41c8cb9d,NB48_LOSS_194,train
NB48_LOSS_194__late_game_prize_pressure__d1f233f3e9dc,NB48_LOSS_194,train
NB48_LOSS_194__opening_one_energy__a47329f62163,NB48_LOSS_194,train
NB48_LOSS_194__opening_zero_energy__32e687ee8281,NB48_LOSS_194,train
NB48_LOSS_194__opponent_under_pressure__412dd91085db,NB48_LOSS_194,train
NB48_LOSS_194__player_under_pressure__2c804a3cc93e,NB48_LOSS_194,train
NB48_LOSS_195__balanced_midgame__4db909e3f787,NB48_LOSS_195,test
NB48_LOSS_195__counterfactual_side_early__9c94b0c9022b,NB48_LOSS_195,test
NB48_LOSS_195__counterfactual_side_late__dd0483898d25,NB48_LOSS_195,test
NB48_LOSS_195__critical_hp_decision__e923c08a3cb2,NB48_LOSS_195,test
NB48_LOSS_195__early_pressure__1dc57da6a531,NB48_LOSS_195,test
NB48_LOSS_195__late_game_prize_pressure__05c31b87ce78,NB48_LOSS_195,test
NB48_LOSS_195__opening_one_energy__eac410b216ea,NB48_LOSS_195,test
NB48_LOSS_195__opening_zero_energy__df30b82a0931,NB48_LOSS_195,test
NB48_LOSS_195__opponent_under_pressure__5592ee633990,NB48_LOSS_195,test
NB48_LOSS_195__player_under_pressure__e72da218684c,NB48_LOSS_195,test
NB48_LOSS_198__balanced_midgame__bd8f8c7ac219,NB48_LOSS_198,train
NB48_LOSS_198__counterfactual_side_early__d739a7eb7b6e,NB48_LOSS_198,train
NB48_LOSS_198__counterfactual_side_late__81dfa64844bd,NB48_LOSS_198,train
NB48_LOSS_198__critical_hp_decision__6109bc590935,NB48_LOSS_198,train
NB48_LOSS_198__early_pressure__6879169ad4fa,NB48_LOSS_198,train
NB48_LOSS_198__late_game_prize_pressure__8a90cae1c9de,NB48_LOSS_198,train
NB48_LOSS_198__opening_one_energy__f39c3bf23751,NB48_LOSS_198,train
NB48_LOSS_198__opening_zero_energy__6b9050471e58,NB48_LOSS_198,train
NB48_LOSS_198__opponent_under_pressure__2edfc25c346e,NB48_LOSS_198,train
NB48_LOSS_198__player_under_pressure__a1c399e7605a,NB48_LOSS_198,train
NB48_LOSS_2__balanced_midgame__f8eac8a1a5c6,NB48_LOSS_2,validation
NB48_LOSS_2__counterfactual_side_early__2b2e318bd901,NB48_LOSS_2,validation
NB48_LOSS_2__counterfactual_side_late__378e9a727c3c,NB48_LOSS_2,validation
NB48_LOSS_2__critical_hp_decision__28660a896741,NB48_LOSS_2,validation
NB48_LOSS_2__early_pressure__a3b1d7de5bdb,NB48_LOSS_2,validation
NB48_LOSS_2__late_game_prize_pressure__c8a2749f629a,NB48_LOSS_2,validation
NB48_LOSS_2__opening_one_energy__078291688869,NB48_LOSS_2,validation
NB48_LOSS_2__opening_zero_energy__72b4c0a3c175,NB48_LOSS_2,validation
NB48_LOSS_2__opponent_under_pressure__489c31dd56b1,NB48_LOSS_2,validation
NB48_LOSS_2__player_under_pressure__6fbe8e3c256b,NB48_LOSS_2,validation
NB48_LOSS_200__balanced_midgame__48a4a2c82351,NB48_LOSS_200,train
NB48_LOSS_200__counterfactual_side_early__883b621ba7ca,NB48_LOSS_200,train
NB48_LOSS_200__counterfactual_side_late__109355a09f2e,NB48_LOSS_200,train
NB48_LOSS_200__critical_hp_decision__be04c8dfa30f,NB48_LOSS_200,train
NB48_LOSS_200__early_pressure__9c25bd0113c8,NB48_LOSS_200,train
NB48_LOSS_200__late_game_prize_pressure__d6f89f48b44a,NB48_LOSS_200,train
NB48_LOSS_200__opening_one_energy__06e1bb640aac,NB48_LOSS_200,train
NB48_LOSS_200__opening_zero_energy__1b664f9de86d,NB48_LOSS_200,train
NB48_LOSS_200__opponent_under_pressure__8ef3d58f0e2c,NB48_LOSS_200,train
NB48_LOSS_200__player_under_pressure__42b849985bcf,NB48_LOSS_200,train
NB48_LOSS_202__balanced_midgame__407073fe698b,NB48_LOSS_202,train
NB48_LOSS_202__counterfactual_side_early__709a15577344,NB48_LOSS_202,train
NB48_LOSS_202__counterfactual_side_late__f57171c00484,NB48_LOSS_202,train
NB48_LOSS_202__critical_hp_decision__f440b9ca157b,NB48_LOSS_202,train
NB48_LOSS_202__early_pressure__c57ff1534cac,NB48_LOSS_202,train
NB48_LOSS_202__late_game_prize_pressure__1d221c2d7674,NB48_LOSS_202,train
NB48_LOSS_202__opening_one_energy__ab2c5f38346d,NB48_LOSS_202,train
NB48_LOSS_202__opening_zero_energy__edf2ad7fa5d7,NB48_LOSS_202,train
NB48_LOSS_202__opponent_under_pressure__27667240158e,NB48_LOSS_202,train
NB48_LOSS_202__player_under_pressure__5d966d30bc27,NB48_LOSS_202,train
NB48_LOSS_204__balanced_midgame__7245ed541328,NB48_LOSS_204,train
NB48_LOSS_204__counterfactual_side_early__35e0ede11891,NB48_LOSS_204,train
NB48_LOSS_204__counterfactual_side_late__f0a81cac4bb0,NB48_LOSS_204,train
NB48_LOSS_204__critical_hp_decision__821c8f3d89e9,NB48_LOSS_204,train
NB48_LOSS_204__early_pressure__954bea776c08,NB48_LOSS_204,train
NB48_LOSS_204__late_game_prize_pressure__376584c37a9c,NB48_LOSS_204,train
NB48_LOSS_204__opening_one_energy__1d3b3f5f42e7,NB48_LOSS_204,train
NB48_LOSS_204__opening_zero_energy__0466557ddea8,NB48_LOSS_204,train
NB48_LOSS_204__opponent_under_pressure__514c9d11c151,NB48_LOSS_204,train
NB48_LOSS_204__player_under_pressure__70c5279f8e20,NB48_LOSS_204,train
NB48_LOSS_206__balanced_midgame__74e9ec925fcf,NB48_LOSS_206,train
NB48_LOSS_206__counterfactual_side_early__3b899be5ba61,NB48_LOSS_206,train
NB48_LOSS_206__counterfactual_side_late__3db845d2f1b3,NB48_LOSS_206,train
NB48_LOSS_206__critical_hp_decision__bb1c0eed9c53,NB48_LOSS_206,train
NB48_LOSS_206__early_pressure__989ae904ea8f,NB48_LOSS_206,train
NB48_LOSS_206__late_game_prize_pressure__28813226caf0,NB48_LOSS_206,train
NB48_LOSS_206__opening_one_energy__e6e4c6eb8693,NB48_LOSS_206,train
NB48_LOSS_206__opening_zero_energy__35672529806e,NB48_LOSS_206,train
NB48_LOSS_206__opponent_under_pressure__f1ac5e310ccd,NB48_LOSS_206,train
NB48_LOSS_206__player_under_pressure__058acdc3b2fa,NB48_LOSS_206,train
NB48_LOSS_210__balanced_midgame__d89fabf87fa0,NB48_LOSS_210,test
NB48_LOSS_210__counterfactual_side_early__e00d2d7e1dd2,NB48_LOSS_210,test
NB48_LOSS_210__counterfactual_side_late__25fa8c16d8d3,NB48_LOSS_210,test
NB48_LOSS_210__critical_hp_decision__276a437e6d73,NB48_LOSS_210,test
NB48_LOSS_210__early_pressure__7ad6bf2f28f4,NB48_LOSS_210,test
NB48_LOSS_210__late_game_prize_pressure__0bdf00313bb3,NB48_LOSS_210,test
NB48_LOSS_210__opening_one_energy__901471d46848,NB48_LOSS_210,test
NB48_LOSS_210__opening_zero_energy__6c0563a01a15,NB48_LOSS_210,test
NB48_LOSS_210__opponent_under_pressure__3444475a2602,NB48_LOSS_210,test
NB48_LOSS_210__player_under_pressure__872ebc12204e,NB48_LOSS_210,test
NB48_LOSS_211__balanced_midgame__04af6414a728,NB48_LOSS_211,train
NB48_LOSS_211__counterfactual_side_early__22d44e07bf1c,NB48_LOSS_211,train
NB48_LOSS_211__counterfactual_side_late__f258a7f3817c,NB48_LOSS_211,train
NB48_LOSS_211__critical_hp_decision__a0f2fad0fda1,NB48_LOSS_211,train
NB48_LOSS_211__early_pressure__d930f8072c51,NB48_LOSS_211,train
NB48_LOSS_211__late_game_prize_pressure__80a06950e5c9,NB48_LOSS_211,train
NB48_LOSS_211__opening_one_energy__482a6851dbd4,NB48_LOSS_211,train
NB48_LOSS_211__opening_zero_energy__10939a7066e4,NB48_LOSS_211,train
NB48_LOSS_211__opponent_under_pressure__ebfe3ab7fb61,NB48_LOSS_211,train
NB48_LOSS_211__player_under_pressure__c5e7728bd9d9,NB48_LOSS_211,train
NB48_LOSS_214__balanced_midgame__c85eb9419afb,NB48_LOSS_214,train
NB48_LOSS_214__counterfactual_side_early__81675742a2d2,NB48_LOSS_214,train
NB48_LOSS_214__counterfactual_side_late__c9740dd638be,NB48_LOSS_214,train
NB48_LOSS_214__critical_hp_decision__eafcbd2404cf,NB48_LOSS_214,train
NB48_LOSS_214__early_pressure__1b58a8eedfcf,NB48_LOSS_214,train
NB48_LOSS_214__late_game_prize_pressure__ae99b3d011ab,NB48_LOSS_214,train
NB48_LOSS_214__opening_one_energy__87ef7ddfaeab,NB48_LOSS_214,train
NB48_LOSS_214__opening_zero_energy__601a2b55c9f0,NB48_LOSS_214,train
NB48_LOSS_214__opponent_under_pressure__1d12da509494,NB48_LOSS_214,train
NB48_LOSS_214__player_under_pressure__1fa48d0faf62,NB48_LOSS_214,train
NB48_LOSS_216__balanced_midgame__6c9466ca2634,NB48_LOSS_216,train
NB48_LOSS_216__counterfactual_side_early__26795b53438d,NB48_LOSS_216,train
NB48_LOSS_216__counterfactual_side_late__84b6e6281f96,NB48_LOSS_216,train
NB48_LOSS_216__critical_hp_decision__cea3cb652181,NB48_LOSS_216,train
NB48_LOSS_216__early_pressure__7bda6b7f9aa2,NB48_LOSS_216,train
NB48_LOSS_216__late_game_prize_pressure__894eed0c8ad3,NB48_LOSS_216,train
NB48_LOSS_216__opening_one_energy__eabd5b37f5d3,NB48_LOSS_216,train
NB48_LOSS_216__opening_zero_energy__f2d46703abcb,NB48_LOSS_216,train
NB48_LOSS_216__opponent_under_pressure__8c89efe56663,NB48_LOSS_216,train
NB48_LOSS_216__player_under_pressure__3348aa267689,NB48_LOSS_216,train
NB48_LOSS_218__balanced_midgame__278c271750fa,NB48_LOSS_218,train
NB48_LOSS_218__counterfactual_side_early__5f1111ab7941,NB48_LOSS_218,train
NB48_LOSS_218__counterfactual_side_late__58e630537645,NB48_LOSS_218,train
NB48_LOSS_218__critical_hp_decision__5b7d60a1eb95,NB48_LOSS_218,train
NB48_LOSS_218__early_pressure__2ce5136df477,NB48_LOSS_218,train
NB48_LOSS_218__late_game_prize_pressure__5267333c8b2f,NB48_LOSS_218,train
NB48_LOSS_218__opening_one_energy__5a6c3d01011c,NB48_LOSS_218,train
NB48_LOSS_218__opening_zero_energy__b4185f4b938d,NB48_LOSS_218,train
NB48_LOSS_218__opponent_under_pressure__38ae179b4ef0,NB48_LOSS_218,train
NB48_LOSS_218__player_under_pressure__07601bdf2184,NB48_LOSS_218,train
NB48_LOSS_22__balanced_midgame__a74c3311f49f,NB48_LOSS_22,test
NB48_LOSS_22__counterfactual_side_early__327bea89ba04,NB48_LOSS_22,test
NB48_LOSS_22__counterfactual_side_late__0d12cd3aea69,NB48_LOSS_22,test
NB48_LOSS_22__critical_hp_decision__081a6a309f5e,NB48_LOSS_22,test
NB48_LOSS_22__early_pressure__0ad109a4e108,NB48_LOSS_22,test
NB48_LOSS_22__late_game_prize_pressure__29e19e559ad8,NB48_LOSS_22,test
NB48_LOSS_22__opening_one_energy__146b8a4eb306,NB48_LOSS_22,test
NB48_LOSS_22__opening_zero_energy__8a391fecc09b,NB48_LOSS_22,test
NB48_LOSS_22__opponent_under_pressure__cacdf2caa3b7,NB48_LOSS_22,test
NB48_LOSS_22__player_under_pressure__1de967ea3824,NB48_LOSS_22,test
NB48_LOSS_222__balanced_midgame__5a5ebf9b26d0,NB48_LOSS_222,train
NB48_LOSS_222__counterfactual_side_early__81ce15008cd8,NB48_LOSS_222,train
NB48_LOSS_222__counterfactual_side_late__38e661db0541,NB48_LOSS_222,train
NB48_LOSS_222__critical_hp_decision__98475b8b7670,NB48_LOSS_222,train
NB48_LOSS_222__early_pressure__19c7bcdb1c90,NB48_LOSS_222,train
NB48_LOSS_222__late_game_prize_pressure__deeb5d2f91b1,NB48_LOSS_222,train
NB48_LOSS_222__opening_one_energy__ced5f9929120,NB48_LOSS_222,train
NB48_LOSS_222__opening_zero_energy__c38e79a394da,NB48_LOSS_222,train
NB48_LOSS_222__opponent_under_pressure__476e1aa13eed,NB48_LOSS_222,train
NB48_LOSS_222__player_under_pressure__b48388b677da,NB48_LOSS_222,train
NB48_LOSS_223__balanced_midgame__8ee81d28fdeb,NB48_LOSS_223,train
NB48_LOSS_223__counterfactual_side_early__e96bf836c11e,NB48_LOSS_223,train
NB48_LOSS_223__counterfactual_side_late__d9c76b3b79ad,NB48_LOSS_223,train
NB48_LOSS_223__critical_hp_decision__b4541a6bb69f,NB48_LOSS_223,train
NB48_LOSS_223__early_pressure__255a6cba588a,NB48_LOSS_223,train
NB48_LOSS_223__late_game_prize_pressure__7f2807c223d2,NB48_LOSS_223,train
NB48_LOSS_223__opening_one_energy__5f701fbce1d4,NB48_LOSS_223,train
NB48_LOSS_223__opening_zero_energy__bc6438d68a11,NB48_LOSS_223,train
NB48_LOSS_223__opponent_under_pressure__4bf26d62ede1,NB48_LOSS_223,train
NB48_LOSS_223__player_under_pressure__4578f1a96628,NB48_LOSS_223,train
NB48_LOSS_226__balanced_midgame__934cf9877ff8,NB48_LOSS_226,validation
NB48_LOSS_226__counterfactual_side_early__dd3ef72ec770,NB48_LOSS_226,validation
NB48_LOSS_226__counterfactual_side_late__1403abb2ec78,NB48_LOSS_226,validation
NB48_LOSS_226__critical_hp_decision__41449ad8a139,NB48_LOSS_226,validation
NB48_LOSS_226__early_pressure__f6427d4fcd76,NB48_LOSS_226,validation
NB48_LOSS_226__late_game_prize_pressure__6f19235fadfc,NB48_LOSS_226,validation
NB48_LOSS_226__opening_one_energy__ab29aeb74f21,NB48_LOSS_226,validation
NB48_LOSS_226__opening_zero_energy__2e44d8b0157f,NB48_LOSS_226,validation
NB48_LOSS_226__opponent_under_pressure__619165bfbfc4,NB48_LOSS_226,validation
NB48_LOSS_226__player_under_pressure__c72733907abf,NB48_LOSS_226,validation
NB48_LOSS_228__balanced_midgame__27ab46f1c0e9,NB48_LOSS_228,validation
NB48_LOSS_228__counterfactual_side_early__63b4a1a74f52,NB48_LOSS_228,validation
NB48_LOSS_228__counterfactual_side_late__f819695ede9f,NB48_LOSS_228,validation
NB48_LOSS_228__critical_hp_decision__f505270a1074,NB48_LOSS_228,validation
NB48_LOSS_228__early_pressure__a5ba2ad82f78,NB48_LOSS_228,validation
NB48_LOSS_228__late_game_prize_pressure__49207742501b,NB48_LOSS_228,validation
NB48_LOSS_228__opening_one_energy__433d51cb36b4,NB48_LOSS_228,validation
NB48_LOSS_228__opening_zero_energy__4943243dc623,NB48_LOSS_228,validation
NB48_LOSS_228__opponent_under_pressure__86095c345aa7,NB48_LOSS_228,validation
NB48_LOSS_228__player_under_pressure__2ab68617a760,NB48_LOSS_228,validation
NB48_LOSS_230__balanced_midgame__21c81036be65,NB48_LOSS_230,train
NB48_LOSS_230__counterfactual_side_early__318290dbe50e,NB48_LOSS_230,train
NB48_LOSS_230__counterfactual_side_late__107a1c510a66,NB48_LOSS_230,train
NB48_LOSS_230__critical_hp_decision__839f0f240c50,NB48_LOSS_230,train
NB48_LOSS_230__early_pressure__bd4af04895fb,NB48_LOSS_230,train
NB48_LOSS_230__late_game_prize_pressure__a063bc072403,NB48_LOSS_230,train
NB48_LOSS_230__opening_one_energy__2feb7b93f2cd,NB48_LOSS_230,train
NB48_LOSS_230__opening_zero_energy__a261be720a71,NB48_LOSS_230,train
NB48_LOSS_230__opponent_under_pressure__dd46361538b1,NB48_LOSS_230,train
NB48_LOSS_230__player_under_pressure__cc06266f9949,NB48_LOSS_230,train
NB48_LOSS_234__balanced_midgame__dc62956812d9,NB48_LOSS_234,train
NB48_LOSS_234__counterfactual_side_early__6c2a3891c8ce,NB48_LOSS_234,train
NB48_LOSS_234__counterfactual_side_late__f95a6d06abce,NB48_LOSS_234,train
NB48_LOSS_234__critical_hp_decision__e9a52c5278c6,NB48_LOSS_234,train
NB48_LOSS_234__early_pressure__2d7034c2a9c3,NB48_LOSS_234,train
NB48_LOSS_234__late_game_prize_pressure__9216eb531d51,NB48_LOSS_234,train
NB48_LOSS_234__opening_one_energy__6c4aa92646ac,NB48_LOSS_234,train
NB48_LOSS_234__opening_zero_energy__5f3a21c5a62b,NB48_LOSS_234,train
NB48_LOSS_234__opponent_under_pressure__f22447d340e2,NB48_LOSS_234,train
NB48_LOSS_234__player_under_pressure__ab8f5a65f89a,NB48_LOSS_234,train
NB48_LOSS_235__balanced_midgame__3625100f412c,NB48_LOSS_235,train
NB48_LOSS_235__counterfactual_side_early__1077502f28ab,NB48_LOSS_235,train
NB48_LOSS_235__counterfactual_side_late__4de05d469482,NB48_LOSS_235,train
NB48_LOSS_235__critical_hp_decision__eaa998445a11,NB48_LOSS_235,train
NB48_LOSS_235__early_pressure__81233f8a41cd,NB48_LOSS_235,train
NB48_LOSS_235__late_game_prize_pressure__c96608870e6a,NB48_LOSS_235,train
NB48_LOSS_235__opening_one_energy__4a305de30147,NB48_LOSS_235,train
NB48_LOSS_235__opening_zero_energy__29dcbc260035,NB48_LOSS_235,train
NB48_LOSS_235__opponent_under_pressure__5eb0815d6e8f,NB48_LOSS_235,train
NB48_LOSS_235__player_under_pressure__14e9e743a887,NB48_LOSS_235,train
NB48_LOSS_238__balanced_midgame__11f1b807875a,NB48_LOSS_238,train
NB48_LOSS_238__counterfactual_side_early__8a8f0d77e17f,NB48_LOSS_238,train
NB48_LOSS_238__counterfactual_side_late__83144822eebd,NB48_LOSS_238,train
NB48_LOSS_238__critical_hp_decision__da7568823404,NB48_LOSS_238,train
NB48_LOSS_238__early_pressure__a4a2bfb88072,NB48_LOSS_238,train
NB48_LOSS_238__late_game_prize_pressure__3bbbeba879da,NB48_LOSS_238,train
NB48_LOSS_238__opening_one_energy__268a16790a05,NB48_LOSS_238,train
NB48_LOSS_238__opening_zero_energy__a279de2bdb52,NB48_LOSS_238,train
NB48_LOSS_238__opponent_under_pressure__43f10458845f,NB48_LOSS_238,train
NB48_LOSS_238__player_under_pressure__c4c89f08d1b0,NB48_LOSS_238,train
NB48_LOSS_240__balanced_midgame__67c4cab2d448,NB48_LOSS_240,validation
NB48_LOSS_240__counterfactual_side_early__70b2f56cf980,NB48_LOSS_240,validation
NB48_LOSS_240__counterfactual_side_late__d908aca4d7ba,NB48_LOSS_240,validation
NB48_LOSS_240__critical_hp_decision__747de985f320,NB48_LOSS_240,validation
NB48_LOSS_240__early_pressure__fdc7adcb78ec,NB48_LOSS_240,validation
NB48_LOSS_240__late_game_prize_pressure__0f56dc2fb51b,NB48_LOSS_240,validation
NB48_LOSS_240__opening_one_energy__3c42f234449e,NB48_LOSS_240,validation
NB48_LOSS_240__opening_zero_energy__ed8074dd298f,NB48_LOSS_240,validation
NB48_LOSS_240__opponent_under_pressure__bb86e83ea7ec,NB48_LOSS_240,validation
NB48_LOSS_240__player_under_pressure__1e918c4601c7,NB48_LOSS_240,validation
NB48_LOSS_242__balanced_midgame__3e52b5fae3ee,NB48_LOSS_242,train
NB48_LOSS_242__counterfactual_side_early__fd5f43e80d76,NB48_LOSS_242,train
NB48_LOSS_242__counterfactual_side_late__1dd147e61b98,NB48_LOSS_242,train
NB48_LOSS_242__critical_hp_decision__861a26dcb0e7,NB48_LOSS_242,train
NB48_LOSS_242__early_pressure__f3d87349f2c6,NB48_LOSS_242,train
NB48_LOSS_242__late_game_prize_pressure__577fc5cf2ea6,NB48_LOSS_242,train
NB48_LOSS_242__opening_one_energy__46e23040b598,NB48_LOSS_242,train
NB48_LOSS_242__opening_zero_energy__6ba5cf310b59,NB48_LOSS_242,train
NB48_LOSS_242__opponent_under_pressure__72c395e65510,NB48_LOSS_242,train
NB48_LOSS_242__player_under_pressure__b689de94e018,NB48_LOSS_242,train
NB48_LOSS_246__balanced_midgame__f8b4f7afff69,NB48_LOSS_246,train
NB48_LOSS_246__counterfactual_side_early__16086c75452f,NB48_LOSS_246,train
NB48_LOSS_246__counterfactual_side_late__3f9c8499ce24,NB48_LOSS_246,train
NB48_LOSS_246__critical_hp_decision__6e8b48ffdd18,NB48_LOSS_246,train
NB48_LOSS_246__early_pressure__3d353b4df5e8,NB48_LOSS_246,train
NB48_LOSS_246__late_game_prize_pressure__24ac9c211fe0,NB48_LOSS_246,train
NB48_LOSS_246__opening_one_energy__318c0af4397c,NB48_LOSS_246,train
NB48_LOSS_246__opening_zero_energy__3f2777ed6a06,NB48_LOSS_246,train
NB48_LOSS_246__opponent_under_pressure__251b76bb8eed,NB48_LOSS_246,train
NB48_LOSS_246__player_under_pressure__34242d5612bb,NB48_LOSS_246,train
NB48_LOSS_247__balanced_midgame__bddfd7a1723e,NB48_LOSS_247,train
NB48_LOSS_247__counterfactual_side_early__4b915583ddc0,NB48_LOSS_247,train
NB48_LOSS_247__counterfactual_side_late__475e384e1ed7,NB48_LOSS_247,train
NB48_LOSS_247__critical_hp_decision__766c0ed69697,NB48_LOSS_247,train
NB48_LOSS_247__early_pressure__91061951e42f,NB48_LOSS_247,train
NB48_LOSS_247__late_game_prize_pressure__d74a825a1e36,NB48_LOSS_247,train
NB48_LOSS_247__opening_one_energy__081e901c7340,NB48_LOSS_247,train
NB48_LOSS_247__opening_zero_energy__8e63fdb66bc3,NB48_LOSS_247,train
NB48_LOSS_247__opponent_under_pressure__24d7c310c76c,NB48_LOSS_247,train
NB48_LOSS_247__player_under_pressure__90c788662fa1,NB48_LOSS_247,train
NB48_LOSS_250__balanced_midgame__5b7502709f5a,NB48_LOSS_250,train
NB48_LOSS_250__counterfactual_side_early__f96947c66afc,NB48_LOSS_250,train
NB48_LOSS_250__counterfactual_side_late__0ebe38304aed,NB48_LOSS_250,train
NB48_LOSS_250__critical_hp_decision__93145d49a1ac,NB48_LOSS_250,train
NB48_LOSS_250__early_pressure__d92b80b2081b,NB48_LOSS_250,train
NB48_LOSS_250__late_game_prize_pressure__b65da28af24a,NB48_LOSS_250,train
NB48_LOSS_250__opening_one_energy__3c997c717de2,NB48_LOSS_250,train
NB48_LOSS_250__opening_zero_energy__57edc72009ca,NB48_LOSS_250,train
NB48_LOSS_250__opponent_under_pressure__2181579d7c12,NB48_LOSS_250,train
NB48_LOSS_250__player_under_pressure__422b72e9bb09,NB48_LOSS_250,train
NB48_LOSS_252__balanced_midgame__1b15b6cb7dbf,NB48_LOSS_252,test
NB48_LOSS_252__counterfactual_side_early__8a1f3f6ded2c,NB48_LOSS_252,test
NB48_LOSS_252__counterfactual_side_late__31ed18b39ba5,NB48_LOSS_252,test
NB48_LOSS_252__critical_hp_decision__440f73b5083c,NB48_LOSS_252,test
NB48_LOSS_252__early_pressure__4b7e89841669,NB48_LOSS_252,test
NB48_LOSS_252__late_game_prize_pressure__9dc185fa442e,NB48_LOSS_252,test
NB48_LOSS_252__opening_one_energy__79f1cd9377ee,NB48_LOSS_252,test
NB48_LOSS_252__opening_zero_energy__ac9a1ba099a7,NB48_LOSS_252,test
NB48_LOSS_252__opponent_under_pressure__dd72b3c484a6,NB48_LOSS_252,test
NB48_LOSS_252__player_under_pressure__83856482127c,NB48_LOSS_252,test
NB48_LOSS_254__balanced_midgame__cf036908caba,NB48_LOSS_254,validation
NB48_LOSS_254__counterfactual_side_early__bc4bc9b30643,NB48_LOSS_254,validation
NB48_LOSS_254__counterfactual_side_late__d39abe09ccf5,NB48_LOSS_254,validation
NB48_LOSS_254__critical_hp_decision__d38880b6f398,NB48_LOSS_254,validation
NB48_LOSS_254__early_pressure__25e3ebf09a40,NB48_LOSS_254,validation
NB48_LOSS_254__late_game_prize_pressure__27ea4d6b580f,NB48_LOSS_254,validation
NB48_LOSS_254__opening_one_energy__d71ec5e41e7c,NB48_LOSS_254,validation
NB48_LOSS_254__opening_zero_energy__6a2f5f8a3d6d,NB48_LOSS_254,validation
NB48_LOSS_254__opponent_under_pressure__bbe69bae408a,NB48_LOSS_254,validation
NB48_LOSS_254__player_under_pressure__56ee3f0f1a5f,NB48_LOSS_254,validation
NB48_LOSS_258__balanced_midgame__da32bb0f965f,NB48_LOSS_258,train
NB48_LOSS_258__counterfactual_side_early__27626f857410,NB48_LOSS_258,train
NB48_LOSS_258__counterfactual_side_late__0517d09425f2,NB48_LOSS_258,train
NB48_LOSS_258__critical_hp_decision__119f7d28d2d2,NB48_LOSS_258,train
NB48_LOSS_258__early_pressure__2c88c03d6f85,NB48_LOSS_258,train
NB48_LOSS_258__late_game_prize_pressure__4798cfaaae10,NB48_LOSS_258,train
NB48_LOSS_258__opening_one_energy__04e3886609b0,NB48_LOSS_258,train
NB48_LOSS_258__opening_zero_energy__82d75fb052bd,NB48_LOSS_258,train
NB48_LOSS_258__opponent_under_pressure__e317f34be415,NB48_LOSS_258,train
NB48_LOSS_258__player_under_pressure__f5885c207c90,NB48_LOSS_258,train
NB48_LOSS_259__balanced_midgame__ac7b9a493e42,NB48_LOSS_259,train
NB48_LOSS_259__counterfactual_side_early__d65f68c4a24c,NB48_LOSS_259,train
NB48_LOSS_259__counterfactual_side_late__a215361ab085,NB48_LOSS_259,train
NB48_LOSS_259__critical_hp_decision__582a31adea1a,NB48_LOSS_259,train
NB48_LOSS_259__early_pressure__27ba3d9fbaab,NB48_LOSS_259,train
NB48_LOSS_259__late_game_prize_pressure__4140a1afef70,NB48_LOSS_259,train
NB48_LOSS_259__opening_one_energy__c86c4b11bda0,NB48_LOSS_259,train
NB48_LOSS_259__opening_zero_energy__2ab2e3052f68,NB48_LOSS_259,train
NB48_LOSS_259__opponent_under_pressure__e48318077e32,NB48_LOSS_259,train
NB48_LOSS_259__player_under_pressure__1c2d0c9b93a9,NB48_LOSS_259,train
NB48_LOSS_262__balanced_midgame__f1a3478b04a0,NB48_LOSS_262,validation
NB48_LOSS_262__counterfactual_side_early__e9f4d2a36cf1,NB48_LOSS_262,validation
NB48_LOSS_262__counterfactual_side_late__42e559cb09ee,NB48_LOSS_262,validation
NB48_LOSS_262__critical_hp_decision__85448a939722,NB48_LOSS_262,validation
NB48_LOSS_262__early_pressure__cf7062b9dbdf,NB48_LOSS_262,validation
NB48_LOSS_262__late_game_prize_pressure__fe57cab62b37,NB48_LOSS_262,validation
NB48_LOSS_262__opening_one_energy__63097f817729,NB48_LOSS_262,validation
NB48_LOSS_262__opening_zero_energy__0cb9585db942,NB48_LOSS_262,validation
NB48_LOSS_262__opponent_under_pressure__8e0436ea1249,NB48_LOSS_262,validation
NB48_LOSS_262__player_under_pressure__df227b3913aa,NB48_LOSS_262,validation
NB48_LOSS_264__balanced_midgame__69ed2407cc6a,NB48_LOSS_264,train
NB48_LOSS_264__counterfactual_side_early__2895b96960af,NB48_LOSS_264,train
NB48_LOSS_264__counterfactual_side_late__b72cdacca4d5,NB48_LOSS_264,train
NB48_LOSS_264__critical_hp_decision__4918dc13f369,NB48_LOSS_264,train
NB48_LOSS_264__early_pressure__3737cab1a999,NB48_LOSS_264,train
NB48_LOSS_264__late_game_prize_pressure__f62e74e88a37,NB48_LOSS_264,train
NB48_LOSS_264__opening_one_energy__13bb28f787b9,NB48_LOSS_264,train
NB48_LOSS_264__opening_zero_energy__bcec5b00c3c1,NB48_LOSS_264,train
NB48_LOSS_264__opponent_under_pressure__e5d27d28d48c,NB48_LOSS_264,train
NB48_LOSS_264__player_under_pressure__993a1b44fb16,NB48_LOSS_264,train
NB48_LOSS_266__balanced_midgame__3a4dd531523e,NB48_LOSS_266,train
NB48_LOSS_266__counterfactual_side_early__a81b942c92fd,NB48_LOSS_266,train
NB48_LOSS_266__counterfactual_side_late__c99ddfcaffb3,NB48_LOSS_266,train
NB48_LOSS_266__critical_hp_decision__5fd90d953605,NB48_LOSS_266,train
NB48_LOSS_266__early_pressure__ca735760355a,NB48_LOSS_266,train
NB48_LOSS_266__late_game_prize_pressure__6aeb7bb9d902,NB48_LOSS_266,train
NB48_LOSS_266__opening_one_energy__e182f473a9e4,NB48_LOSS_266,train
NB48_LOSS_266__opening_zero_energy__9cabd3f35e6e,NB48_LOSS_266,train
NB48_LOSS_266__opponent_under_pressure__5626987af5c1,NB48_LOSS_266,train
NB48_LOSS_266__player_under_pressure__15b4752d4c73,NB48_LOSS_266,train
NB48_LOSS_270__balanced_midgame__2b34ad5e0555,NB48_LOSS_270,train
NB48_LOSS_270__counterfactual_side_early__d2bcb494a9c8,NB48_LOSS_270,train
NB48_LOSS_270__counterfactual_side_late__174065f35dd7,NB48_LOSS_270,train
NB48_LOSS_270__critical_hp_decision__bc847660e5cf,NB48_LOSS_270,train
NB48_LOSS_270__early_pressure__cf9b5e4d5b9b,NB48_LOSS_270,train
NB48_LOSS_270__late_game_prize_pressure__28d6d35ed34a,NB48_LOSS_270,train
NB48_LOSS_270__opening_one_energy__113e517ff1ad,NB48_LOSS_270,train
NB48_LOSS_270__opening_zero_energy__af96808b8645,NB48_LOSS_270,train
NB48_LOSS_270__opponent_under_pressure__f33c2aeacf3b,NB48_LOSS_270,train
NB48_LOSS_270__player_under_pressure__cb14bf981252,NB48_LOSS_270,train
NB48_LOSS_271__balanced_midgame__ca6abdd11d60,NB48_LOSS_271,train
NB48_LOSS_271__counterfactual_side_early__1ca0d3b344fc,NB48_LOSS_271,train
NB48_LOSS_271__counterfactual_side_late__3b54ae0efdfa,NB48_LOSS_271,train
NB48_LOSS_271__critical_hp_decision__337e5df4f645,NB48_LOSS_271,train
NB48_LOSS_271__early_pressure__c52fe5d4a668,NB48_LOSS_271,train
NB48_LOSS_271__late_game_prize_pressure__f09f1556ffc7,NB48_LOSS_271,train
NB48_LOSS_271__opening_one_energy__8efe2841dd90,NB48_LOSS_271,train
NB48_LOSS_271__opening_zero_energy__6a88b6124d70,NB48_LOSS_271,train
NB48_LOSS_271__opponent_under_pressure__8e617f1a3679,NB48_LOSS_271,train
NB48_LOSS_271__player_under_pressure__86ff5c94b63f,NB48_LOSS_271,train
NB48_LOSS_274__balanced_midgame__10561b968d44,NB48_LOSS_274,train
NB48_LOSS_274__counterfactual_side_early__01582eb0538d,NB48_LOSS_274,train
NB48_LOSS_274__counterfactual_side_late__6842c1eecb04,NB48_LOSS_274,train
NB48_LOSS_274__critical_hp_decision__9aee2d71517f,NB48_LOSS_274,train
NB48_LOSS_274__early_pressure__ed5592bd3e95,NB48_LOSS_274,train
NB48_LOSS_274__late_game_prize_pressure__9308082c399b,NB48_LOSS_274,train
NB48_LOSS_274__opening_one_energy__2908f38e25eb,NB48_LOSS_274,train
NB48_LOSS_274__opening_zero_energy__6e20071ea75a,NB48_LOSS_274,train
NB48_LOSS_274__opponent_under_pressure__9f4779a1bccf,NB48_LOSS_274,train
NB48_LOSS_274__player_under_pressure__04a80256f256,NB48_LOSS_274,train
NB48_LOSS_276__balanced_midgame__fa167464fbbf,NB48_LOSS_276,validation
NB48_LOSS_276__counterfactual_side_early__1490e6d59d33,NB48_LOSS_276,validation
NB48_LOSS_276__counterfactual_side_late__c183e036798b,NB48_LOSS_276,validation
NB48_LOSS_276__critical_hp_decision__5ab4c2d8abfd,NB48_LOSS_276,validation
NB48_LOSS_276__early_pressure__534fcbd05ae9,NB48_LOSS_276,validation
NB48_LOSS_276__late_game_prize_pressure__a7748e9f03cd,NB48_LOSS_276,validation
NB48_LOSS_276__opening_one_energy__9842ef471fd2,NB48_LOSS_276,validation
NB48_LOSS_276__opening_zero_energy__00df344beb7e,NB48_LOSS_276,validation
NB48_LOSS_276__opponent_under_pressure__a8fd3c59c8c4,NB48_LOSS_276,validation
NB48_LOSS_276__player_under_pressure__6ade1f58f467,NB48_LOSS_276,validation
NB48_LOSS_278__balanced_midgame__410ca1e3db52,NB48_LOSS_278,train
NB48_LOSS_278__counterfactual_side_early__f579aa2fd10e,NB48_LOSS_278,train
NB48_LOSS_278__counterfactual_side_late__f3b277d54056,NB48_LOSS_278,train
NB48_LOSS_278__critical_hp_decision__30cb56947619,NB48_LOSS_278,train
NB48_LOSS_278__early_pressure__16b338ce1785,NB48_LOSS_278,train
NB48_LOSS_278__late_game_prize_pressure__55bf12585c44,NB48_LOSS_278,train
NB48_LOSS_278__opening_one_energy__7469592cd7a6,NB48_LOSS_278,train
NB48_LOSS_278__opening_zero_energy__626ebf5182f5,NB48_LOSS_278,train
NB48_LOSS_278__opponent_under_pressure__52041b27d686,NB48_LOSS_278,train
NB48_LOSS_278__player_under_pressure__13d16a2c2935,NB48_LOSS_278,train
NB48_LOSS_282__balanced_midgame__a31aa319c71d,NB48_LOSS_282,train
NB48_LOSS_282__counterfactual_side_early__34c4ef8de849,NB48_LOSS_282,train
NB48_LOSS_282__counterfactual_side_late__4e5112b7cb01,NB48_LOSS_282,train
NB48_LOSS_282__critical_hp_decision__b3d786989ded,NB48_LOSS_282,train
NB48_LOSS_282__early_pressure__8964fddae9ef,NB48_LOSS_282,train
NB48_LOSS_282__late_game_prize_pressure__a742773f6659,NB48_LOSS_282,train
NB48_LOSS_282__opening_one_energy__0390ae4e1944,NB48_LOSS_282,train
NB48_LOSS_282__opening_zero_energy__6122849eb4aa,NB48_LOSS_282,train
NB48_LOSS_282__opponent_under_pressure__37a51bdcc91f,NB48_LOSS_282,train
NB48_LOSS_282__player_under_pressure__8cc30d1d4bb3,NB48_LOSS_282,train
NB48_LOSS_283__balanced_midgame__bf00372637e4,NB48_LOSS_283,train
NB48_LOSS_283__counterfactual_side_early__cf42ef34e46d,NB48_LOSS_283,train
NB48_LOSS_283__counterfactual_side_late__945949938433,NB48_LOSS_283,train
NB48_LOSS_283__critical_hp_decision__551ac7a91feb,NB48_LOSS_283,train
NB48_LOSS_283__early_pressure__95b364be3010,NB48_LOSS_283,train
NB48_LOSS_283__late_game_prize_pressure__2ed131874fad,NB48_LOSS_283,train
NB48_LOSS_283__opening_one_energy__152a2deae183,NB48_LOSS_283,train
NB48_LOSS_283__opening_zero_energy__0703386088cf,NB48_LOSS_283,train
NB48_LOSS_283__opponent_under_pressure__80cf81e76743,NB48_LOSS_283,train
NB48_LOSS_283__player_under_pressure__1914a4090d57,NB48_LOSS_283,train
NB48_LOSS_286__balanced_midgame__865cb8e68dbb,NB48_LOSS_286,train
NB48_LOSS_286__counterfactual_side_early__7f3eee53c4b6,NB48_LOSS_286,train
NB48_LOSS_286__counterfactual_side_late__b2d16afc6102,NB48_LOSS_286,train
NB48_LOSS_286__critical_hp_decision__37e677d09f19,NB48_LOSS_286,train
NB48_LOSS_286__early_pressure__4a1deb36bd4f,NB48_LOSS_286,train
NB48_LOSS_286__late_game_prize_pressure__efa62b73ec0b,NB48_LOSS_286,train
NB48_LOSS_286__opening_one_energy__4d6a7f9d7f2c,NB48_LOSS_286,train
NB48_LOSS_286__opening_zero_energy__2188bdd0392f,NB48_LOSS_286,train
NB48_LOSS_286__opponent_under_pressure__538eabf9fbb0,NB48_LOSS_286,train
NB48_LOSS_286__player_under_pressure__7f3f8c29c7a7,NB48_LOSS_286,train
NB48_LOSS_288__balanced_midgame__dd2ed0176737,NB48_LOSS_288,train
NB48_LOSS_288__counterfactual_side_early__1b5822bf7e54,NB48_LOSS_288,train
NB48_LOSS_288__counterfactual_side_late__f8b69eb8be61,NB48_LOSS_288,train
NB48_LOSS_288__critical_hp_decision__f4e2e201e76e,NB48_LOSS_288,train
NB48_LOSS_288__early_pressure__e5cd10152fe3,NB48_LOSS_288,train
NB48_LOSS_288__late_game_prize_pressure__731538a2d7c6,NB48_LOSS_288,train
NB48_LOSS_288__opening_one_energy__41d3c96dccd6,NB48_LOSS_288,train
NB48_LOSS_288__opening_zero_energy__d4d08e8f7a7c,NB48_LOSS_288,train
NB48_LOSS_288__opponent_under_pressure__abd195bd6660,NB48_LOSS_288,train
NB48_LOSS_288__player_under_pressure__a02dd3e36f4b,NB48_LOSS_288,train
NB48_LOSS_290__balanced_midgame__bc7e0835183e,NB48_LOSS_290,train
NB48_LOSS_290__counterfactual_side_early__2fe6bc3014b8,NB48_LOSS_290,train
NB48_LOSS_290__counterfactual_side_late__5c0b3d4c08f8,NB48_LOSS_290,train
NB48_LOSS_290__critical_hp_decision__e8d5f0f56c5b,NB48_LOSS_290,train
NB48_LOSS_290__early_pressure__0c182b732d2b,NB48_LOSS_290,train
NB48_LOSS_290__late_game_prize_pressure__5f577bb17d66,NB48_LOSS_290,train
NB48_LOSS_290__opening_one_energy__cb62bbbd43eb,NB48_LOSS_290,train
NB48_LOSS_290__opening_zero_energy__74c1d5a5eb9d,NB48_LOSS_290,train
NB48_LOSS_290__opponent_under_pressure__88deac211896,NB48_LOSS_290,train
NB48_LOSS_290__player_under_pressure__67df1487ca18,NB48_LOSS_290,train
NB48_LOSS_294__balanced_midgame__d4013ada1fb0,NB48_LOSS_294,train
NB48_LOSS_294__counterfactual_side_early__dba41117acc3,NB48_LOSS_294,train
NB48_LOSS_294__counterfactual_side_late__dc4d52e283bb,NB48_LOSS_294,train
NB48_LOSS_294__critical_hp_decision__8b6bc6cbba86,NB48_LOSS_294,train
NB48_LOSS_294__early_pressure__da5f77adcac4,NB48_LOSS_294,train
NB48_LOSS_294__late_game_prize_pressure__6df12cab5bd8,NB48_LOSS_294,train
NB48_LOSS_294__opening_one_energy__142ba93cb526,NB48_LOSS_294,train
NB48_LOSS_294__opening_zero_energy__06ee5a056c24,NB48_LOSS_294,train
NB48_LOSS_294__opponent_under_pressure__b2b4aa5610bc,NB48_LOSS_294,train
NB48_LOSS_294__player_under_pressure__89ce42fa6de9,NB48_LOSS_294,train
NB48_LOSS_295__balanced_midgame__338700cdb6c0,NB48_LOSS_295,train
NB48_LOSS_295__counterfactual_side_early__465607206fae,NB48_LOSS_295,train
NB48_LOSS_295__counterfactual_side_late__aeea0eba2884,NB48_LOSS_295,train
NB48_LOSS_295__critical_hp_decision__e578753f887e,NB48_LOSS_295,train
NB48_LOSS_295__early_pressure__debd251ccd31,NB48_LOSS_295,train
NB48_LOSS_295__late_game_prize_pressure__0ad467c915c1,NB48_LOSS_295,train
NB48_LOSS_295__opening_one_energy__8623f2a0c046,NB48_LOSS_295,train
NB48_LOSS_295__opening_zero_energy__15b441fa86e2,NB48_LOSS_295,train
NB48_LOSS_295__opponent_under_pressure__840f53053a3b,NB48_LOSS_295,train
NB48_LOSS_295__player_under_pressure__4a1bf3a6b522,NB48_LOSS_295,train
NB48_LOSS_298__balanced_midgame__9dfdcab5f904,NB48_LOSS_298,train
NB48_LOSS_298__counterfactual_side_early__84dc59d11adf,NB48_LOSS_298,train
NB48_LOSS_298__counterfactual_side_late__f6a173c36adb,NB48_LOSS_298,train
NB48_LOSS_298__critical_hp_decision__abe42d7990c2,NB48_LOSS_298,train
NB48_LOSS_298__early_pressure__48e4abf3d2a8,NB48_LOSS_298,train
NB48_LOSS_298__late_game_prize_pressure__f9008558402d,NB48_LOSS_298,train
NB48_LOSS_298__opening_one_energy__023644b273b7,NB48_LOSS_298,train
NB48_LOSS_298__opening_zero_energy__f8bd46c18a82,NB48_LOSS_298,train
NB48_LOSS_298__opponent_under_pressure__4fed3b6e6769,NB48_LOSS_298,train
NB48_LOSS_298__player_under_pressure__db5fde98e894,NB48_LOSS_298,train
NB48_LOSS_30__balanced_midgame__333e794fe71e,NB48_LOSS_30,train
NB48_LOSS_30__counterfactual_side_early__fac75bdcece2,NB48_LOSS_30,train
NB48_LOSS_30__counterfactual_side_late__eda0e45e09f8,NB48_LOSS_30,train
NB48_LOSS_30__critical_hp_decision__ff11664b84e7,NB48_LOSS_30,train
NB48_LOSS_30__early_pressure__afc4aac6e956,NB48_LOSS_30,train
NB48_LOSS_30__late_game_prize_pressure__8fcf58242482,NB48_LOSS_30,train
NB48_LOSS_30__opening_one_energy__6d230ee04153,NB48_LOSS_30,train
NB48_LOSS_30__opening_zero_energy__0fef293f99c6,NB48_LOSS_30,train
NB48_LOSS_30__opponent_under_pressure__9a87311c0162,NB48_LOSS_30,train
NB48_LOSS_30__player_under_pressure__5fefe7a4eab0,NB48_LOSS_30,train
NB48_LOSS_300__balanced_midgame__7be2d7bd2dc2,NB48_LOSS_300,test
NB48_LOSS_300__counterfactual_side_early__6a2c80ce0e0e,NB48_LOSS_300,test
NB48_LOSS_300__counterfactual_side_late__a2fb48598e69,NB48_LOSS_300,test
NB48_LOSS_300__critical_hp_decision__88c98302b6ce,NB48_LOSS_300,test
NB48_LOSS_300__early_pressure__afd0c18169af,NB48_LOSS_300,test
NB48_LOSS_300__late_game_prize_pressure__6990d63d4689,NB48_LOSS_300,test
NB48_LOSS_300__opening_one_energy__75cd0c27dd82,NB48_LOSS_300,test
NB48_LOSS_300__opening_zero_energy__689fe6dc5e62,NB48_LOSS_300,test
NB48_LOSS_300__opponent_under_pressure__c7553082ed98,NB48_LOSS_300,test
NB48_LOSS_300__player_under_pressure__8640ae759784,NB48_LOSS_300,test
NB48_LOSS_34__balanced_midgame__3c59b8c1de5f,NB48_LOSS_34,train
NB48_LOSS_34__counterfactual_side_early__c2dd995fe728,NB48_LOSS_34,train
NB48_LOSS_34__counterfactual_side_late__56a4ceb81236,NB48_LOSS_34,train
NB48_LOSS_34__critical_hp_decision__62f216eca903,NB48_LOSS_34,train
NB48_LOSS_34__early_pressure__5b465c4ebfab,NB48_LOSS_34,train
NB48_LOSS_34__late_game_prize_pressure__952465810b7b,NB48_LOSS_34,train
NB48_LOSS_34__opening_one_energy__f1576ea9f70c,NB48_LOSS_34,train
NB48_LOSS_34__opening_zero_energy__eccab056d5ee,NB48_LOSS_34,train
NB48_LOSS_34__opponent_under_pressure__2f103dfa2dcc,NB48_LOSS_34,train
NB48_LOSS_34__player_under_pressure__03f5b454f393,NB48_LOSS_34,train
NB48_LOSS_4__balanced_midgame__444acef65351,NB48_LOSS_4,train
NB48_LOSS_4__counterfactual_side_early__c60dd6cbc261,NB48_LOSS_4,train
NB48_LOSS_4__counterfactual_side_late__00ff199ccd2a,NB48_LOSS_4,train
NB48_LOSS_4__critical_hp_decision__c4c6752228a0,NB48_LOSS_4,train
NB48_LOSS_4__early_pressure__4e188cacbd13,NB48_LOSS_4,train
NB48_LOSS_4__late_game_prize_pressure__8fe9ea24c639,NB48_LOSS_4,train
NB48_LOSS_4__opening_one_energy__713c98ff198a,NB48_LOSS_4,train
NB48_LOSS_4__opening_zero_energy__254ac6d8ac17,NB48_LOSS_4,train
NB48_LOSS_4__opponent_under_pressure__0e5abab3b1f7,NB48_LOSS_4,train
NB48_LOSS_4__player_under_pressure__eb13568e8ec1,NB48_LOSS_4,train
NB48_LOSS_40__balanced_midgame__c9503cdcfd1c,NB48_LOSS_40,validation
NB48_LOSS_40__counterfactual_side_early__833e0d156436,NB48_LOSS_40,validation
NB48_LOSS_40__counterfactual_side_late__dc47f1996e2a,NB48_LOSS_40,validation
NB48_LOSS_40__critical_hp_decision__c425bbbb25d6,NB48_LOSS_40,validation
NB48_LOSS_40__early_pressure__88e09d54b635,NB48_LOSS_40,validation
NB48_LOSS_40__late_game_prize_pressure__9a49596ed9fd,NB48_LOSS_40,validation
NB48_LOSS_40__opening_one_energy__f291b615149b,NB48_LOSS_40,validation
NB48_LOSS_40__opening_zero_energy__fb847a054f2f,NB48_LOSS_40,validation
NB48_LOSS_40__opponent_under_pressure__f5262b892902,NB48_LOSS_40,validation
NB48_LOSS_40__player_under_pressure__4075aae4fa0b,NB48_LOSS_40,validation
NB48_LOSS_42__balanced_midgame__c6d25e2a56b4,NB48_LOSS_42,train
NB48_LOSS_42__counterfactual_side_early__d8accf42ea1c,NB48_LOSS_42,train
NB48_LOSS_42__counterfactual_side_late__ebde40a6d729,NB48_LOSS_42,train
NB48_LOSS_42__critical_hp_decision__f6723301b544,NB48_LOSS_42,train
NB48_LOSS_42__early_pressure__ebdce48c8408,NB48_LOSS_42,train
NB48_LOSS_42__late_game_prize_pressure__297887355ec6,NB48_LOSS_42,train
NB48_LOSS_42__opening_one_energy__bf3d4dd49168,NB48_LOSS_42,train
NB48_LOSS_42__opening_zero_energy__e6be5f35413f,NB48_LOSS_42,train
NB48_LOSS_42__opponent_under_pressure__65147d5fa54f,NB48_LOSS_42,train
NB48_LOSS_42__player_under_pressure__a6e40e568d5b,NB48_LOSS_42,train
NB48_LOSS_46__balanced_midgame__a53953906fde,NB48_LOSS_46,train
NB48_LOSS_46__counterfactual_side_early__875ca156a954,NB48_LOSS_46,train
NB48_LOSS_46__counterfactual_side_late__f6c2b8e41895,NB48_LOSS_46,train
NB48_LOSS_46__critical_hp_decision__104238d202d1,NB48_LOSS_46,train
NB48_LOSS_46__early_pressure__8cc975458f01,NB48_LOSS_46,train
NB48_LOSS_46__late_game_prize_pressure__cb61c44d11ca,NB48_LOSS_46,train
NB48_LOSS_46__opening_one_energy__f947b6cff0f7,NB48_LOSS_46,train
NB48_LOSS_46__opening_zero_energy__8720d006825e,NB48_LOSS_46,train
NB48_LOSS_46__opponent_under_pressure__b215f69668ae,NB48_LOSS_46,train
NB48_LOSS_46__player_under_pressure__c78f75eb689c,NB48_LOSS_46,train
NB48_LOSS_52__balanced_midgame__e981cb4fd346,NB48_LOSS_52,train
NB48_LOSS_52__counterfactual_side_early__7eb6f8a9569d,NB48_LOSS_52,train
NB48_LOSS_52__counterfactual_side_late__0e8ba02ea0c2,NB48_LOSS_52,train
NB48_LOSS_52__critical_hp_decision__204a7603a6de,NB48_LOSS_52,train
NB48_LOSS_52__early_pressure__02d87611f66b,NB48_LOSS_52,train
NB48_LOSS_52__late_game_prize_pressure__b974ab8aaea6,NB48_LOSS_52,train
NB48_LOSS_52__opening_one_energy__7cbd2b14178d,NB48_LOSS_52,train
NB48_LOSS_52__opening_zero_energy__78045dddd2fc,NB48_LOSS_52,train
NB48_LOSS_52__opponent_under_pressure__219bbad71f62,NB48_LOSS_52,train
NB48_LOSS_52__player_under_pressure__011b73dcc968,NB48_LOSS_52,train
NB48_LOSS_59__balanced_midgame__75c179f4818e,NB48_LOSS_59,test
NB48_LOSS_59__counterfactual_side_early__cfdda66de4a9,NB48_LOSS_59,test
NB48_LOSS_59__counterfactual_side_late__b39234459bfd,NB48_LOSS_59,test
NB48_LOSS_59__critical_hp_decision__c158f6419d0a,NB48_LOSS_59,test
NB48_LOSS_59__early_pressure__8d94b20b9891,NB48_LOSS_59,test
NB48_LOSS_59__late_game_prize_pressure__83b1d9f7b194,NB48_LOSS_59,test
NB48_LOSS_59__opening_one_energy__652a4a27333d,NB48_LOSS_59,test
NB48_LOSS_59__opening_zero_energy__497ce5c9c790,NB48_LOSS_59,test
NB48_LOSS_59__opponent_under_pressure__d1a7d91bab67,NB48_LOSS_59,test
NB48_LOSS_59__player_under_pressure__dd45c05cab38,NB48_LOSS_59,test
NB48_LOSS_6__balanced_midgame__42ea6f00436b,NB48_LOSS_6,train
NB48_LOSS_6__counterfactual_side_early__c1a291514c79,NB48_LOSS_6,train
NB48_LOSS_6__counterfactual_side_late__bd108477450a,NB48_LOSS_6,train
NB48_LOSS_6__critical_hp_decision__53c53f7508bf,NB48_LOSS_6,train
NB48_LOSS_6__early_pressure__a521e496f0c2,NB48_LOSS_6,train
NB48_LOSS_6__late_game_prize_pressure__45baf4a633e4,NB48_LOSS_6,train
NB48_LOSS_6__opening_one_energy__bcaeb3f44f22,NB48_LOSS_6,train
NB48_LOSS_6__opening_zero_energy__07171ace049a,NB48_LOSS_6,train
NB48_LOSS_6__opponent_under_pressure__7b32e0d751d7,NB48_LOSS_6,train
NB48_LOSS_6__player_under_pressure__7aba76b10ff3,NB48_LOSS_6,train
NB48_LOSS_70__balanced_midgame__039abec7129f,NB48_LOSS_70,train
NB48_LOSS_70__counterfactual_side_early__78fda3fd3813,NB48_LOSS_70,train
NB48_LOSS_70__counterfactual_side_late__ceca9c462354,NB48_LOSS_70,train
NB48_LOSS_70__critical_hp_decision__2ee2807242b4,NB48_LOSS_70,train
NB48_LOSS_70__early_pressure__c98fe047ca1c,NB48_LOSS_70,train
NB48_LOSS_70__late_game_prize_pressure__dc4afa8ebb30,NB48_LOSS_70,train
NB48_LOSS_70__opening_one_energy__0cdc480f2910,NB48_LOSS_70,train
NB48_LOSS_70__opening_zero_energy__b4b0d5861393,NB48_LOSS_70,train
NB48_LOSS_70__opponent_under_pressure__09d6adebd8bc,NB48_LOSS_70,train
NB48_LOSS_70__player_under_pressure__99206e7c7204,NB48_LOSS_70,train
NB48_LOSS_71__balanced_midgame__98b20264504a,NB48_LOSS_71,validation
NB48_LOSS_71__counterfactual_side_early__de920ca2e349,NB48_LOSS_71,validation
NB48_LOSS_71__counterfactual_side_late__5b08216264eb,NB48_LOSS_71,validation
NB48_LOSS_71__critical_hp_decision__9a4cfd75735d,NB48_LOSS_71,validation
NB48_LOSS_71__early_pressure__03b182557dd0,NB48_LOSS_71,validation
NB48_LOSS_71__late_game_prize_pressure__68bb695130b9,NB48_LOSS_71,validation
NB48_LOSS_71__opening_one_energy__98ab8afaef72,NB48_LOSS_71,validation
NB48_LOSS_71__opening_zero_energy__5459f74cebee,NB48_LOSS_71,validation
NB48_LOSS_71__opponent_under_pressure__861581a0634b,NB48_LOSS_71,validation
NB48_LOSS_71__player_under_pressure__473ceba114e9,NB48_LOSS_71,validation
NB48_LOSS_74__balanced_midgame__d91decb00219,NB48_LOSS_74,test
NB48_LOSS_74__counterfactual_side_early__8e3a3346d0e4,NB48_LOSS_74,test
NB48_LOSS_74__counterfactual_side_late__0521df11bfe7,NB48_LOSS_74,test
NB48_LOSS_74__critical_hp_decision__498572d1c5b9,NB48_LOSS_74,test
NB48_LOSS_74__early_pressure__2631bacb12c0,NB48_LOSS_74,test
NB48_LOSS_74__late_game_prize_pressure__2f0643309d62,NB48_LOSS_74,test
NB48_LOSS_74__opening_one_energy__1c24bf3eff7b,NB48_LOSS_74,test
NB48_LOSS_74__opening_zero_energy__61ab181ce368,NB48_LOSS_74,test
NB48_LOSS_74__opponent_under_pressure__88af114c1465,NB48_LOSS_74,test
NB48_LOSS_74__player_under_pressure__1658e6c33626,NB48_LOSS_74,test
NB48_LOSS_76__balanced_midgame__db60e8ab8f17,NB48_LOSS_76,train
NB48_LOSS_76__counterfactual_side_early__1c18677baef1,NB48_LOSS_76,train
NB48_LOSS_76__counterfactual_side_late__a95f017b87b2,NB48_LOSS_76,train
NB48_LOSS_76__critical_hp_decision__d92ee104753a,NB48_LOSS_76,train
NB48_LOSS_76__early_pressure__61d5cb32fa0a,NB48_LOSS_76,train
NB48_LOSS_76__late_game_prize_pressure__83fc0f0538c4,NB48_LOSS_76,train
NB48_LOSS_76__opening_one_energy__b08da9536e52,NB48_LOSS_76,train
NB48_LOSS_76__opening_zero_energy__b53a383690f9,NB48_LOSS_76,train
NB48_LOSS_76__opponent_under_pressure__5bb7831f5b53,NB48_LOSS_76,train
NB48_LOSS_76__player_under_pressure__90ce6ae14b5f,NB48_LOSS_76,train
NB48_LOSS_82__balanced_midgame__f38b641ffa95,NB48_LOSS_82,validation
NB48_LOSS_82__counterfactual_side_early__b4211f2894d0,NB48_LOSS_82,validation
NB48_LOSS_82__counterfactual_side_late__09ca96c96bdf,NB48_LOSS_82,validation
NB48_LOSS_82__critical_hp_decision__2c4bac46ffc5,NB48_LOSS_82,validation
NB48_LOSS_82__early_pressure__488b9b62463d,NB48_LOSS_82,validation
NB48_LOSS_82__late_game_prize_pressure__4a05dfafb614,NB48_LOSS_82,validation
NB48_LOSS_82__opening_one_energy__84a4a000868d,NB48_LOSS_82,validation
NB48_LOSS_82__opening_zero_energy__cdd440559ebc,NB48_LOSS_82,validation
NB48_LOSS_82__opponent_under_pressure__5910fef44c0b,NB48_LOSS_82,validation
NB48_LOSS_82__player_under_pressure__7f5a9e779e0c,NB48_LOSS_82,validation
NB48_LOSS_83__balanced_midgame__d9636cdfb89a,NB48_LOSS_83,validation
NB48_LOSS_83__counterfactual_side_early__63e114aa2a2d,NB48_LOSS_83,validation
NB48_LOSS_83__counterfactual_side_late__4d29dd1c3b30,NB48_LOSS_83,validation
NB48_LOSS_83__critical_hp_decision__5fa60c428c19,NB48_LOSS_83,validation
NB48_LOSS_83__early_pressure__eda8d50dd6e0,NB48_LOSS_83,validation
NB48_LOSS_83__late_game_prize_pressure__ca838ce36cea,NB48_LOSS_83,validation
NB48_LOSS_83__opening_one_energy__8ba9ac8aac13,NB48_LOSS_83,validation
NB48_LOSS_83__opening_zero_energy__c592a22c6d65,NB48_LOSS_83,validation
NB48_LOSS_83__opponent_under_pressure__71136079150d,NB48_LOSS_83,validation
NB48_LOSS_83__player_under_pressure__8fbcf381d303,NB48_LOSS_83,validation
NB48_LOSS_88__balanced_midgame__e44510bdc3f3,NB48_LOSS_88,train
NB48_LOSS_88__counterfactual_side_early__78e038ef12bc,NB48_LOSS_88,train
NB48_LOSS_88__counterfactual_side_late__1932c45d5808,NB48_LOSS_88,train
NB48_LOSS_88__critical_hp_decision__4253ed5d3c2d,NB48_LOSS_88,train
NB48_LOSS_88__early_pressure__76098742e593,NB48_LOSS_88,train
NB48_LOSS_88__late_game_prize_pressure__d77cc056dc02,NB48_LOSS_88,train
NB48_LOSS_88__opening_one_energy__587766b7f05c,NB48_LOSS_88,train
NB48_LOSS_88__opening_zero_energy__babe09e0f4f6,NB48_LOSS_88,train
NB48_LOSS_88__opponent_under_pressure__0149f3a19372,NB48_LOSS_88,train
NB48_LOSS_88__player_under_pressure__03153d1e7b4f,NB48_LOSS_88,train
NB48_LOSS_94__balanced_midgame__9a80d0e76473,NB48_LOSS_94,validation
NB48_LOSS_94__counterfactual_side_early__edf05900e0bb,NB48_LOSS_94,validation
NB48_LOSS_94__counterfactual_side_late__5e37075b6f9f,NB48_LOSS_94,validation
NB48_LOSS_94__critical_hp_decision__fa8c6dd0f2b5,NB48_LOSS_94,validation
NB48_LOSS_94__early_pressure__6befacc2a0e1,NB48_LOSS_94,validation
NB48_LOSS_94__late_game_prize_pressure__0f7b6083fb78,NB48_LOSS_94,validation
NB48_LOSS_94__opening_one_energy__8bbf8d238857,NB48_LOSS_94,validation
NB48_LOSS_94__opening_zero_energy__e2d65fbaa3e5,NB48_LOSS_94,validation
NB48_LOSS_94__opponent_under_pressure__56e8faf5d04a,NB48_LOSS_94,validation
NB48_LOSS_94__player_under_pressure__ac031c768e5e,NB48_LOSS_94,validation
